Handle,Tweets_Ago,Timestamp,Compound,Positive,Negative,Neutral,Text
BBCNews,1,Fri Aug 03 00:32:30 +0000 2018,-0.3818,0.0,0.206,0.794,Armed forces chief vows to fight false Northern Ireland claims https://t.co/jV6Hf8bo1x
BBCNews,2,Fri Aug 03 00:17:51 +0000 2018,0.1779,0.175,0.0,0.825,Amazon pays ¬£1.7m corporation tax in the UK https://t.co/fYEauZ8vuU
BBCNews,3,Thu Aug 02 22:48:35 +0000 2018,-0.7717,0.0,0.401,0.599,Down's syndrome man with toy gun shot dead by Swedish police https://t.co/hQvrWCUd64
BBCNews,4,Thu Aug 02 22:42:54 +0000 2018,0.0,0.0,0.0,1.0,Newspaper headlines: More rate rises and Amazon's tax bill https://t.co/m6aYaS513J
BBCNews,5,Thu Aug 02 22:37:39 +0000 2018,0.0,0.0,0.0,1.0,Zimbabwe election: Emmerson Mnangagwa leads poll count https://t.co/PRPk2QiIkl
BBCNews,6,Thu Aug 02 22:01:03 +0000 2018,0.5093,0.224,0.109,0.667,"RT @BBCSport: Being a cameraman at the cricket can be a dangerous job.

Good job the camera was there to save him!

Watch: https://t.co/fOO‚Ä¶"
BBCNews,7,Thu Aug 02 21:56:16 +0000 2018,-0.7783,0.0,0.531,0.469,Two men injured in Ibrox football violence https://t.co/apJOZHsYih
BBCNews,8,Thu Aug 02 21:51:44 +0000 2018,0.0,0.0,0.0,1.0,"Friday's Daily Mail
‚ÄúThey‚Äôre taking us for fools‚Äù

#tomorrowspaperstoday
#bbcpapers
(via @hendopolis) https://t.co/r3HrHfJ2Ug"
BBCNews,9,Thu Aug 02 21:50:47 +0000 2018,0.4215,0.219,0.0,0.781,Burnley 3-1 Aberdeen: Premier League side progress 4-2 on aggregate https://t.co/MRal9RhJPe
BBCNews,10,Thu Aug 02 21:34:00 +0000 2018,-0.1027,0.0,0.097,0.903,"Friday's Daily Mirror 
‚ÄúAmazon now pay even less tax‚Äù

#tomorrowspaperstoday
#bbcpapers
(via @hendopolis) https://t.co/2ymEoFTwP6"
BBCNews,11,Thu Aug 02 21:31:43 +0000 2018,0.0,0.0,0.0,1.0,"Friday's Guardian
‚ÄúAir pollution linked to early symptoms of heart failure‚Äù

#tomorrowspaperstoday
#bbcpapers
(via‚Ä¶ https://t.co/GMMiq6YSPf"
BBCNews,12,Thu Aug 02 21:26:08 +0000 2018,-0.1027,0.157,0.181,0.663,"Friday's Daily Telegraph
‚ÄúArmy Chief: I‚Äôll protect Troubles veterans‚Äù

#tomorrowspaperstoday
#bbcpapers
(via‚Ä¶ https://t.co/xFAVnKXFXC"
BBCNews,13,Thu Aug 02 21:24:56 +0000 2018,-0.6808,0.0,0.261,0.739,"Friday's Times
‚ÄúWomen with disabilities raped by visa cheats‚Äù

#tomorrowspaperstoday
#bbcpapers
(via @hendopolis) https://t.co/zQvZ1NOvlU"
BBCNews,14,Thu Aug 02 21:10:33 +0000 2018,0.3818,0.191,0.0,0.809,"Friday's i
‚ÄúEnd of the ultra-cheap credit age‚Äù

#tomorrowspaperstoday
#bbcpapers
(via @hendopolis) https://t.co/FuXTJ1rvIw"
BBCNews,15,Thu Aug 02 21:09:59 +0000 2018,0.0,0.0,0.0,1.0,"Friday's Daily Express
‚ÄúThree week wait to see your doctor‚Äù

#tomorrowspaperstoday
#bbcpapers
(via @hendopolis) https://t.co/U0iboEf9yh"
BBCNews,16,Thu Aug 02 21:06:35 +0000 2018,0.0,0.0,0.0,1.0,Hockey Women's World Cup: England knocked out by Netherlands https://t.co/TBdnWDP7Sn
BBCNews,17,Thu Aug 02 21:01:27 +0000 2018,0.0772,0.128,0.117,0.755,"RT @BBCSport: England are out at the quarter-final stage of their home World Cup.

Defending champions Netherlands defeated them 2-0 at Lee‚Ä¶"
BBCNews,18,Thu Aug 02 20:55:19 +0000 2018,-0.1027,0.0,0.104,0.896,"Friday's Metro
‚ÄúBank warns of more rate rises‚Äù

#tomorrowspaperstoday
#bbcpapers
(via @hendopolis) https://t.co/LBMZDAZh5O"
BBCNews,19,Thu Aug 02 20:52:52 +0000 2018,-0.228,0.0,0.12,0.88,"Friday's Daily Star
‚ÄúWe almost missed out on ¬£58m jackpot‚Äù

#tomorrowspaperstoday
#bbcpapers
(via @hendopolis) https://t.co/lLCxHprUAP"
BBCNews,20,Thu Aug 02 20:39:10 +0000 2018,0.0,0.0,0.0,1.0,RT @bbcweather: A range of temperatures across the UK tomorrow. Jo https://t.co/60XBjQk0gy
BBCNews,21,Thu Aug 02 20:34:40 +0000 2018,0.0,0.0,0.0,1.0,"RT @BBCWorld: üåªüåªü§≥üåªüåªü§≥üèªüåªüåªü§≥üèæüåªüåªü§≥üèΩüåªüåªü§≥üåªüåªü§≥üåªüåªü§≥üèªüåªüåªü§≥üèæüåªüåªü§≥üèΩüåªüåªü§≥üåªüåªü§≥üåªüåªü§≥üèªüåªüåªü§≥üèæüåªüåª

How sunflowers and selfies caused a 'zombie apocalypse'

https://t.co/GuWF‚Ä¶"
BBCNews,22,Thu Aug 02 20:25:22 +0000 2018,0.0,0.0,0.0,1.0,Derby grandfather grows giant 'cucumber' https://t.co/FoGC99g8YV
BBCNews,23,Thu Aug 02 20:10:16 +0000 2018,0.7269,0.264,0.0,0.736,"RT @BBCSport: Laura Kenny's bid for three golds at the European Championships is off to a good start.
üëâ https://t.co/f3hw1wdggv https://t.c‚Ä¶"
BBCNews,24,Thu Aug 02 19:56:32 +0000 2018,0.3612,0.102,0.0,0.898,"RT @BBCWorld: ""I feel like I'm flying""

Clark Kent says people have been calling him Superman since he beat Michael Phelps' record üèä

https‚Ä¶"
BBCNews,25,Thu Aug 02 19:50:25 +0000 2018,-0.128,0.0,0.064,0.936,"RT @BBCWorld: Cocaine trafficking in Colombia is being fuelled by demand in the US and Europe

We joined the authorities for a look inside‚Ä¶"
BBCNews,26,Thu Aug 02 19:45:04 +0000 2018,0.1531,0.286,0.0,0.714,One careful (Royal) owner ü§¥ https://t.co/FOfaGWGO8D
BBCNews,27,Thu Aug 02 19:40:33 +0000 2018,0.4588,0.375,0.0,0.625,Interest rates: Your questions answered https://t.co/6b7MAEnaQZ
BBCNews,28,Thu Aug 02 19:37:32 +0000 2018,-0.34,0.0,0.255,0.745,US accuses Russia of 'pervasive' election meddling https://t.co/9U5OofizJN
BBCNews,29,Thu Aug 02 19:14:10 +0000 2018,0.2023,0.076,0.0,0.924,RT @BBCScienceNews: We now know the first people to live at Stonehenge came from Wales and we know they were important people... https://t.‚Ä¶
BBCNews,30,Thu Aug 02 18:17:49 +0000 2018,-0.4939,0.0,0.242,0.758,Man who threw baby out of window in Luton jailed https://t.co/dGVB4SEnUa
BBCNews,31,Thu Aug 02 17:47:49 +0000 2018,0.0,0.0,0.0,1.0,RT @BBCScotlandNews: Dad uses earphones to deliver baby https://t.co/BPGXw8h58K https://t.co/99WjP7U1On
BBCNews,32,Thu Aug 02 17:14:57 +0000 2018,0.4215,0.237,0.0,0.763,Jeremy Corbyn hoping to deliver speech at Jewish venue https://t.co/JFSTIFGx8h
BBCNews,33,Thu Aug 02 17:07:34 +0000 2018,0.0,0.0,0.0,1.0,RT @BBCScotlandNews: Concerns over post-Brexit protections for Scotch whisky https://t.co/NXa8qUbbCo https://t.co/0dSl9DcwSd
BBCNews,34,Thu Aug 02 17:07:29 +0000 2018,0.0,0.0,0.0,1.0,"Just one of the 16 daily sunrises seen from the International Space Station üòç

https://t.co/PjAfprmI0J https://t.co/2Ite42ihqB"
BBCNews,35,Thu Aug 02 16:59:15 +0000 2018,-0.2732,0.191,0.275,0.534,"Dale Winton died of natural causes, coroner says https://t.co/UPNkhNpVz0"
BBCNews,36,Thu Aug 02 16:31:43 +0000 2018,0.6808,0.359,0.0,0.641,"RT @BBCWalesNews: Cycling fans make sure you're free next Thursday.......#gerainthomashomecoming üö¥üèÜüè¥Û†ÅßÛ†Å¢Û†Å∑Û†Å¨Û†Å≥Û†Åø
https://t.co/umJgH9Zkrf"
BBCNews,37,Thu Aug 02 16:30:53 +0000 2018,-0.1027,0.149,0.125,0.726,"RT @davidshukmanbbc: Surprising discovery that plastic pollution is a source of warming gases, and it's worse the more the plastic breaks d‚Ä¶"
BBCNews,38,Thu Aug 02 16:02:04 +0000 2018,0.2263,0.192,0.0,0.808,Apple is first public company worth $1 trillion https://t.co/h1i15iJRce
BBCNews,39,Thu Aug 02 15:48:42 +0000 2018,0.2023,0.153,0.0,0.847,Deepmind co-founder Shane Legg gives London teen top AI tips https://t.co/ZhvPLDuN9i
BBCNews,40,Thu Aug 02 15:41:00 +0000 2018,0.0,0.0,0.0,1.0,Princesses Beatrice and Eugenie on careers and 'being the first' https://t.co/M8xK4elqtD
BBCNews,41,Thu Aug 02 15:11:43 +0000 2018,-0.34,0.167,0.296,0.538,"How to lose friends and irritate people - mobile phone edition üò†üì± 

https://t.co/JmgDH3kTQB https://t.co/GiGWa7dzi5"
BBCNews,42,Thu Aug 02 14:32:38 +0000 2018,0.4019,0.252,0.0,0.748,Government U-turn a boost for sign language GCSE campaign https://t.co/0i89dq6ybd
BBCNews,43,Thu Aug 02 14:04:00 +0000 2018,0.0,0.0,0.0,1.0,Football transfer news: How announcements got extravagant https://t.co/4ajS3Ed2li
BBCNews,44,Thu Aug 02 13:58:16 +0000 2018,-0.7579,0.0,0.448,0.552,Cat stolen from Russian museum found after social outcry https://t.co/Z3emVanij2
BBCNews,45,Thu Aug 02 13:52:32 +0000 2018,-0.5267,0.0,0.362,0.638,What is the '#QAnon' conspiracy theory? https://t.co/2sfySbk91s
BBCNews,46,Thu Aug 02 13:45:24 +0000 2018,-0.0762,0.209,0.236,0.555,Phone etiquette: How not to lose friends https://t.co/PXCIX3B8Wo
BBCNews,47,Thu Aug 02 13:41:41 +0000 2018,0.0,0.0,0.0,1.0,"RT @BBCSport: Do you have a fiver with Harry Kane's face on it?

If you do, it could net you ¬£50,000 üò≥üëâ https://t.co/hBAM1NE1aO https://t.c‚Ä¶"
BBCNews,48,Thu Aug 02 13:41:35 +0000 2018,0.0,0.0,0.0,1.0,RT @bbcweather: A range of temperatures across the UK tomorrow. Jo https://t.co/e9ngeTIgda
BBCNews,49,Thu Aug 02 13:34:30 +0000 2018,-0.743,0.152,0.429,0.419,Trump thanks Kim for handing over remains of war dead https://t.co/KJ2zNc9xds
BBCNews,50,Thu Aug 02 13:34:18 +0000 2018,0.5267,0.174,0.073,0.753,"""Grime had a boom, but then people changed.""

As other music genres grow in popularity, what's the future of grime?‚Ä¶ https://t.co/RPgLYARH8c"
BBCNews,51,Thu Aug 02 13:31:56 +0000 2018,-0.7845,0.0,0.463,0.537,Pope Francis declares death penalty inadmissible in all cases https://t.co/gMpXb8PycK
BBCNews,52,Thu Aug 02 13:24:27 +0000 2018,0.0,0.0,0.0,1.0,Willian: Chelsea midfielder asks lawyers to act on 'forged' letter https://t.co/D817KY3HqO
BBCNews,53,Thu Aug 02 13:19:13 +0000 2018,-0.296,0.092,0.161,0.747,Plastic pollution: How one woman found a new source of warming gases hidden in waste https://t.co/I0W7m2yHJs
BBCNews,54,Thu Aug 02 13:14:14 +0000 2018,-0.5106,0.0,0.292,0.708,Why are people angry at Vogue India's cover? https://t.co/YUNR3nJFyn
BBCNews,55,Thu Aug 02 13:11:30 +0000 2018,-0.296,0.0,0.239,0.761,Terminator teases sixth instalment with all-female photo https://t.co/ZOHRGouuyv
BBCNews,56,Thu Aug 02 13:02:22 +0000 2018,0.4215,0.237,0.0,0.763,RT @bbcstories: Watch the full and powerful film here: https://t.co/uJ9Mky3HyD
BBCNews,57,Thu Aug 02 13:02:13 +0000 2018,0.5859,0.194,0.0,0.806,RT @bbcstories: This mum wrote an emotional poem about caring for her daughter with mental health issues. It‚Äôs incredibly moving. ‚ù§Ô∏è https:‚Ä¶
BBCNews,58,Thu Aug 02 12:55:29 +0000 2018,0.6808,0.444,0.0,0.556,'True love': Brothers' kiss on lips sparks debate https://t.co/c510JvjXPC
BBCNews,59,Thu Aug 02 12:49:27 +0000 2018,0.34,0.094,0.0,0.906,"RT @BBCWorld: ""We will absolutely make it work""

Six weeks after giving birth, New Zealand's PM Jacinda Ardern talks to us about her daught‚Ä¶"
BBCNews,60,Thu Aug 02 12:43:17 +0000 2018,0.0,0.0,0.0,1.0,üò≤ https://t.co/pBRD9vAL93
BBCNews,61,Thu Aug 02 12:40:59 +0000 2018,-0.3182,0.0,0.204,0.796,Margaret Hodge criticises 'ridiculous' disciplinary action over anti-Semitism row https://t.co/t6SfJjYMTM
BBCNews,62,Thu Aug 02 12:09:46 +0000 2018,-0.4767,0.0,0.237,0.763,Europe's heat record could be broken in Spain and Portugal https://t.co/YhSVmMUp9w
BBCNews,63,Thu Aug 02 11:59:42 +0000 2018,-0.296,0.0,0.239,0.761,Midwife Samantha Eastwood missing for nearly a week https://t.co/zA0RDS5U3c
BBCNews,64,Thu Aug 02 11:51:56 +0000 2018,0.4404,0.293,0.0,0.707,Alcohol and dementia - is moderate drinking safe? https://t.co/smuwTFht2f
BBCNews,65,Thu Aug 02 11:49:38 +0000 2018,0.2023,0.181,0.131,0.688,England v India: Joe Root says Virat Kohli 'mic drop' celebration was funny https://t.co/kUCI75AWvg
BBCNews,66,Thu Aug 02 11:47:57 +0000 2018,0.0,0.0,0.0,1.0,"""The Bank is well-prepared for whatever path the economy takes, including a wide range of potential #Brexit outcome‚Ä¶ https://t.co/WctlNVkipm"
BBCNews,67,Thu Aug 02 11:47:04 +0000 2018,-0.2023,0.209,0.269,0.522,Easier streaming services put dent in illegal downloading https://t.co/6W71O3f6ad
BBCNews,68,Thu Aug 02 11:26:31 +0000 2018,0.0,0.0,0.0,1.0,"RT @BBCEngland: ‚òÄÔ∏è‚úàÔ∏è Heathrow holds the UK record for July's hottest day ever ‚úàÔ∏è‚òÄÔ∏è

But why's it so hot at the airport?

https://t.co/pMPpQ‚Ä¶"
BBCNews,69,Thu Aug 02 11:19:50 +0000 2018,-0.5267,0.0,0.298,0.702,Lemur extinction: Vast majority of species under threat https://t.co/b1xZxxMbTO
BBCNews,70,Thu Aug 02 11:15:10 +0000 2018,-0.2732,0.0,0.16,0.84,"Give new mums baby boxes to reduce co-sleeping risks, midwives say https://t.co/OnXL0iyq9i"
BBCNews,71,Thu Aug 02 11:07:12 +0000 2018,0.4588,0.273,0.0,0.727,Interest rates: What the rise means for you https://t.co/cI23RWGWja
BBCNews,72,Thu Aug 02 11:02:22 +0000 2018,0.4588,0.3,0.0,0.7,Bank of England raises UK interest rates https://t.co/uOVCT12Mrb
BBCNews,73,Thu Aug 02 10:35:08 +0000 2018,-0.25,0.237,0.303,0.461,Elsie Scully-Hicks: Baby murderer seen as 'positive dad' https://t.co/xbYsX3hilQ
BBCNews,74,Thu Aug 02 10:27:43 +0000 2018,-0.4215,0.0,0.141,0.859,RT @BBCPolitics: The Labour Party's been struggling with allegations of anti-Semitism. But where's it all come from? https://t.co/f0xLvYVQY‚Ä¶
BBCNews,75,Thu Aug 02 10:20:48 +0000 2018,0.5719,0.381,0.0,0.619,Ripped-up lottery ticket wins ¬£58m jackpot https://t.co/KJ9b9TT66C
BBCNews,76,Thu Aug 02 10:18:10 +0000 2018,-0.6249,0.0,0.255,0.745,Summerland service to be held on site of disaster for first time https://t.co/SEfAp0odXj
BBCNews,77,Thu Aug 02 10:15:52 +0000 2018,0.5859,0.352,0.0,0.648,Couple from Aberdeenshire in ¬£58m lottery win https://t.co/uQog6E4x2Q
BBCNews,78,Thu Aug 02 10:11:17 +0000 2018,0.0,0.0,0.0,1.0,In pictures: Australia's drought seen from the air https://t.co/uZLN2z3mJs
BBCNews,79,Thu Aug 02 09:58:41 +0000 2018,0.4767,0.341,0.0,0.659,Jennifer Aniston 'fantasises' about Friends reboot https://t.co/Q0O33gBzs6
BBCNews,80,Thu Aug 02 09:46:14 +0000 2018,-0.1531,0.0,0.151,0.849,Google in China: Internet giant 'plans censored search engine' https://t.co/SGuHwnUQ5t
BBCNews,81,Thu Aug 02 09:36:08 +0000 2018,0.0,0.0,0.0,1.0,"RT @BBC_HaveYourSay: Have you set any rules for when and where you use your mobile phone?

Get in touch with us via emailüìß: haveyoursay@bbc‚Ä¶"
BBCNews,82,Thu Aug 02 09:28:17 +0000 2018,-0.5859,0.0,0.324,0.676,Dad 'will sleep by son's grave' to stop council clearing mementoes https://t.co/oIxTMz7Ild
BBCNews,83,Thu Aug 02 09:24:33 +0000 2018,0.0,0.0,0.0,1.0,"RT @bbcweather: We've hit 23C already in the UK this morning at Santon Downham, Suffolk. Jo https://t.co/GUHgHaQcuR"
BBCNews,84,Thu Aug 02 09:22:24 +0000 2018,0.5719,0.381,0.0,0.619,Just minutes after he won it... https://t.co/J6prTEKtmX
BBCNews,85,Thu Aug 02 09:08:53 +0000 2018,0.5106,0.216,0.0,0.784,"ü§îüì±
How often do you check your phone? 
... Be honest üò≥ https://t.co/hGxGeSaVnX https://t.co/HxqHJBFITJ"
BBCNews,86,Thu Aug 02 08:49:18 +0000 2018,0.6486,0.215,0.058,0.727,"RT @VictoriaLIVE: ‚ÄúI feel like I‚Äôm missing out all the time‚Äù

13-year-old Jack is a young carer, but says his friends don't always understa‚Ä¶"
BBCNews,87,Thu Aug 02 08:43:33 +0000 2018,0.0,0.0,0.0,1.0,Chris Ashton: Sale winger named in England squad for first time since 2016 https://t.co/S8WcUbPJrb
BBCNews,88,Thu Aug 02 08:33:03 +0000 2018,0.0,0.0,0.0,1.0,"Benoit Paire fined ¬£12,500 for smashing racquets at Washington Open https://t.co/cYqumiqgIt"
BBCNews,89,Thu Aug 02 07:21:37 +0000 2018,-0.1027,0.0,0.135,0.865,"Smaller firms should publish gender pay gap, say MPs https://t.co/3HFwvWg74A"
BBCNews,90,Thu Aug 02 06:48:58 +0000 2018,-0.4939,0.0,0.138,0.862,"RT @DaveLeeBBC: If you‚Äôre just waking up back home: Reddit suffered a data breach, and there‚Äôs a lot they‚Äôre not telling us https://t.co/sf‚Ä¶"
BBCNews,91,Thu Aug 02 06:16:29 +0000 2018,0.0,0.0,0.0,1.0,"RT @bbcweather: For some places, summer's coming back with a vengeance.  Where and when? #WeatherForTheWeekAhead https://t.co/3dRFpOAaCn ht‚Ä¶"
BBCNews,92,Thu Aug 02 06:01:13 +0000 2018,0.0516,0.118,0.0,0.882,Johanna Konta reaches third round of Silicon Valley Classic https://t.co/5QljV8TnZ3
BBCNews,93,Thu Aug 02 05:34:47 +0000 2018,0.0258,0.091,0.0,0.909,Washington Open: Andy Murray beats Kyle Edmund to reach third round https://t.co/OhnWdKpVoG
BBCNews,94,Thu Aug 02 05:17:51 +0000 2018,-0.2732,0.186,0.255,0.559,News Daily: Interest rate set to rise and Zimbabwe violence https://t.co/GJ2EuZgu9I
BBCNews,95,Thu Aug 02 04:10:08 +0000 2018,0.5106,0.248,0.0,0.752,Brownies launch aviation badge to encourage girls to become pilots https://t.co/V37liUxEAI
BBCNews,96,Thu Aug 02 03:47:36 +0000 2018,0.0,0.0,0.0,1.0,Illinois lawmaker Nick Sauer quits after 'catfishing' claim https://t.co/ebiUnjrmTm
BBCNews,97,Thu Aug 02 03:29:34 +0000 2018,0.0,0.0,0.0,1.0,French rappers Booba and Kaaris brawl at Paris airport https://t.co/jnRmTdmogV
BBCNews,98,Thu Aug 02 02:56:23 +0000 2018,0.8074,0.399,0.0,0.601,European Championships 2018: Great Britain stars to watch and guide to events https://t.co/6nkFfPpxPF
BBCNews,99,Thu Aug 02 02:15:09 +0000 2018,0.0,0.0,0.0,1.0,England v India: Sparks could fly after Virat Kohli's send-off to Joe Root - Jonathan Agnew https://t.co/pF660zzNNz
BBCNews,100,Thu Aug 02 02:12:28 +0000 2018,0.0,0.0,0.0,1.0,Heatwave: Why is Heathrow so hot? https://t.co/iiyB7jSl1X
CBSNews,1,Fri Aug 03 00:19:56 +0000 2018,0.0,0.0,0.0,1.0,WATCH: Astronaut captures a spectacular time-lapse of an orbital sunrise taken at the International Space Station.‚Ä¶ https://t.co/MkPMutRtZ7
CBSNews,2,Thu Aug 02 23:59:32 +0000 2018,0.0,0.0,0.0,1.0,"New blaze in Oregon nearly triples in size overnight, forcing evacuations https://t.co/rUSoLXMPCI https://t.co/uVM3yD1LLh"
CBSNews,3,Thu Aug 02 23:39:38 +0000 2018,0.6705,0.314,0.0,0.686,A look behind at-home DNA testing companies sharing genetic data with third parties https://t.co/twakHFuhyj https://t.co/4X3SbNIj36
CBSNews,4,Thu Aug 02 23:20:22 +0000 2018,-0.5719,0.0,0.171,0.829,"He's only been swimming competitively for four years, but a 10-year-old named Clark Kent just broke a record set by‚Ä¶ https://t.co/sWu5aq7CJs"
CBSNews,5,Thu Aug 02 23:10:58 +0000 2018,0.7506,0.303,0.0,0.697,‚ÄúI‚Äôm thrilled to be back in the¬†state that gave us American¬†independence‚Äù: President Trump greets supporters at Pen‚Ä¶ https://t.co/EfcoaI2DWn
CBSNews,6,Thu Aug 02 23:06:50 +0000 2018,0.2732,0.139,0.0,0.861,"The surprising story behind Franklin, the first black ""Peanuts"" character.

Jim Axelrod reports.‚Ä¶ https://t.co/XedF6dF0uu"
CBSNews,7,Thu Aug 02 23:01:54 +0000 2018,-0.8591,0.0,0.333,0.667,"Red Tide outbreak: Florida is facing its worst toxic algae bloom in a decade, killing wildlife and causing respirat‚Ä¶ https://t.co/E0P8eTPNna"
CBSNews,8,Thu Aug 02 23:01:43 +0000 2018,0.0,0.0,0.0,1.0,RT @CBSEveningNews: Temperatures skyrocketed to over 100 degrees in Spain and Portugal -- close to breaking Europe‚Äôs heat record set in 197‚Ä¶
CBSNews,9,Thu Aug 02 22:58:01 +0000 2018,-0.9356,0.0,0.505,0.495,"FATAL MISTAKE: Police are piecing together the tragic police shooting of a decorated war veteran and grandfather, d‚Ä¶ https://t.co/CmtadedHhX"
CBSNews,10,Thu Aug 02 22:49:45 +0000 2018,0.1779,0.131,0.1,0.769,‚ÄúEveryone has a Mollie in their life‚Äù: Boyfriend of missing Iowa student Mollie Tibbetts pleads for her safe return‚Ä¶ https://t.co/BuLo6TAR9j
CBSNews,11,Thu Aug 02 22:42:33 +0000 2018,0.4404,0.132,0.0,0.868,The trillion dollar Apple: The tech giant becomes the first American company to be valued at 1 trillion dollars. He‚Ä¶ https://t.co/yscD9b97K2
CBSNews,12,Thu Aug 02 22:39:47 +0000 2018,0.0516,0.116,0.108,0.776,WATCH: A mistaken 911 call about an active shooter led to a lockdown at the Wright-Patterson Air Force Base in Ohio‚Ä¶ https://t.co/8ox8XgeTOp
CBSNews,13,Thu Aug 02 22:37:59 +0000 2018,-0.0772,0.132,0.145,0.723,"‚ÄúWe acknowledge the threat.¬†It is real,‚Äù says Director of National Intelligence Dan Coats on the continuing threat‚Ä¶ https://t.co/GJ9uV4qlpw"
CBSNews,14,Thu Aug 02 22:19:36 +0000 2018,0.0,0.0,0.0,1.0,"Brookstone files for bankruptcy protection, plans to close all 101 of its mall stores https://t.co/ljgqJZqwQn https://t.co/M2xwLu14oK"
CBSNews,15,Thu Aug 02 22:00:16 +0000 2018,0.0258,0.055,0.0,0.945,TRILLION DOLLAR BABY: Apple became the first publicly traded U.S. company to reach the 13 figure mark on Thursday‚Ä¶ https://t.co/y380CAu9Tl
CBSNews,16,Thu Aug 02 21:39:38 +0000 2018,0.0,0.0,0.0,1.0,The National Archives may not finish reviewing Kavanaugh documents before end of October https://t.co/iJXBSxD3UD https://t.co/R6soJfvPBU
CBSNews,17,Thu Aug 02 21:19:52 +0000 2018,-0.5423,0.0,0.241,0.759,79 people sickened from salmonella tied to Hy-Vee pasta salad https://t.co/yyosLgcjiv https://t.co/83rAVlKg4x
CBSNews,18,Thu Aug 02 21:00:02 +0000 2018,0.0,0.0,0.0,1.0,"WATCH: A lit firework is thrown onto a crowded restaurant patio, forcing people to flee as it sparks and fills the‚Ä¶ https://t.co/rPInsVpGwy"
CBSNews,19,Thu Aug 02 20:40:09 +0000 2018,0.0,0.0,0.0,1.0,Boy develops normally despite having a sixth of his brain removed https://t.co/1Du7zpOyGW https://t.co/SS2wQ9OTi8
CBSNews,20,Thu Aug 02 20:19:35 +0000 2018,-0.0953,0.09,0.106,0.804,"Reese Witherspoon pelts Meryl Streep with ice cream for one ""Big Little Lies"" scene, giving fans a preview of the p‚Ä¶ https://t.co/bgTo15V6MV"
CBSNews,21,Thu Aug 02 19:15:22 +0000 2018,-0.5423,0.0,0.189,0.811,"Ivanka Trump: ""I do not feel the media is the enemy of the people."" https://t.co/2IU9rN7rcv https://t.co/0R8JEN5ETW"
CBSNews,22,Thu Aug 02 19:00:06 +0000 2018,-0.7096,0.0,0.228,0.772,"A mass grave of black prisoners was unearthed in Texas. Now, experts say the DNA of descendants is the key to ident‚Ä¶ https://t.co/glOWGnwr3H"
CBSNews,23,Thu Aug 02 18:45:18 +0000 2018,0.0,0.0,0.0,1.0,"WATCH: This teen got Tom Brady to sign her arm, but that just wasn't permanent enough for her. So, the next day she‚Ä¶ https://t.co/NkK2O6pQxC"
CBSNews,24,Thu Aug 02 18:29:39 +0000 2018,-0.296,0.0,0.115,0.885,"The upcoming Netflix show ""Insatiable"" has been accused of fat-shaming due to its trailer. A Netflix executive has‚Ä¶ https://t.co/6B31KIaRzi"
CBSNews,25,Thu Aug 02 18:14:39 +0000 2018,-0.5423,0.059,0.172,0.769,"LIVE UPDATES: On third day of Paul Manafort's fraud trial, prosecutors want more vendors to testify, including Mana‚Ä¶ https://t.co/aFDh19XlDW"
CBSNews,26,Thu Aug 02 18:01:54 +0000 2018,0.4939,0.231,0.0,0.769,"""That the reporting that we're reversing Obama-era fuel efficiency standards and pre-empting the tougher California‚Ä¶ https://t.co/LHFcQ6Agk5"
CBSNews,27,Thu Aug 02 18:00:23 +0000 2018,0.5267,0.188,0.0,0.812,"""I can't get into specific details. But our intelligence shows that there are a number of others that are looking a‚Ä¶ https://t.co/D33f32PcCA"
CBSNews,28,Thu Aug 02 17:59:38 +0000 2018,-0.0516,0.0,0.098,0.902,Millennials are totally over the U.S. domination of world affairs https://t.co/Pdwg7BYtwa https://t.co/LYcqcPOHT5
CBSNews,29,Thu Aug 02 17:58:22 +0000 2018,-0.2247,0.126,0.205,0.67,"""With this sort of misinformation and lack of interest that's so pervasive in the media, it's completely understand‚Ä¶ https://t.co/Chg0SUIlxa"
CBSNews,30,Thu Aug 02 17:54:02 +0000 2018,0.0,0.0,0.0,1.0,".@PressSec on President Trump's North Korea tweet on Thursday: ""I did receive a letter. I believe he received it on‚Ä¶ https://t.co/VeJj5pYoJA"
CBSNews,31,Thu Aug 02 17:51:39 +0000 2018,0.5106,0.185,0.0,0.815,"""If we want to have any kind of relationship whatsoever in dealing with things of mutual interest, the Russians hav‚Ä¶ https://t.co/Yf3Y10RkUx"
CBSNews,32,Thu Aug 02 17:48:29 +0000 2018,0.34,0.112,0.0,0.888,"""We're spending so much of our effort trying to engage with the social media technology companies because there is‚Ä¶ https://t.co/blWl4YtEhv"
CBSNews,33,Thu Aug 02 17:43:19 +0000 2018,0.0,0.0,0.0,1.0,"""The issue was discussed and ... President Putin said the first issue that President Trump raised was election medd‚Ä¶ https://t.co/EEYbzlsdNp"
CBSNews,34,Thu Aug 02 17:37:12 +0000 2018,-0.5267,0.0,0.139,0.861,"""Our focus here today is to simply tell the American people we acknowledge the threat: it is real, it is continuing‚Ä¶ https://t.co/1v2MnZAzvg"
CBSNews,35,Thu Aug 02 17:32:47 +0000 2018,0.34,0.118,0.0,0.882,"""As I have said consistently, Russia attempted to interfere with the last election and continues to engage in malig‚Ä¶ https://t.co/hCobNRatHv"
CBSNews,36,Thu Aug 02 17:30:57 +0000 2018,-0.765,0.0,0.309,0.691,"""This is not just an election cycle threat. Our adversaries are trying to undermine our country on a persistent and‚Ä¶ https://t.co/1zFMqOtVCz"
CBSNews,37,Thu Aug 02 17:28:05 +0000 2018,0.802,0.291,0.0,0.709,"""Free and fair elections are the cornerstone of our democracy and it has become clear that they are the target of o‚Ä¶ https://t.co/YJKDBGt59E"
CBSNews,38,Thu Aug 02 17:24:36 +0000 2018,0.0,0.114,0.114,0.772,"""We continue to see a pervasive messaging campaign by Russia to try to weaken and divide the United States. These e‚Ä¶ https://t.co/Sbpjysjr75"
CBSNews,39,Thu Aug 02 17:22:22 +0000 2018,0.2263,0.095,0.0,0.905,"""Since January 2017 the president has taken decisive action to defend our elections systems from meddling and inter‚Ä¶ https://t.co/4UuYIFwskN"
CBSNews,40,Thu Aug 02 17:18:13 +0000 2018,0.128,0.143,0.12,0.737,WATCH LIVE:  Intelligence officials are speaking at the White House press briefing about efforts to fight interfere‚Ä¶ https://t.co/6MGE13NDpQ
CBSNews,41,Thu Aug 02 17:00:27 +0000 2018,0.0,0.0,0.0,1.0,WATCH: A dramatic brawl between two rappers and their entourages erupts at a Paris airport https://t.co/v4WcYKHV2E https://t.co/d5jQEuXC0d
CBSNews,42,Thu Aug 02 16:34:30 +0000 2018,0.3565,0.129,0.058,0.813,"Mollie Tibbetts' boyfriend makes a plea to people who may have kidnapped her: ""Wouldn't you want to help? Wouldn't‚Ä¶ https://t.co/MgD7m9NI9c"
CBSNews,43,Thu Aug 02 16:26:38 +0000 2018,0.5106,0.155,0.0,0.845,"""Every day I feel Mollie's presence"": Mollie Tibbetts' mother speaks about staying strong as the search for her dau‚Ä¶ https://t.co/YfvmWvPtaL"
CBSNews,44,Thu Aug 02 16:22:51 +0000 2018,0.4019,0.137,0.0,0.863,"""Nothing is irrelevant and nothing is trivial"": Mollie Tibbetts' father says the smallest details could help crack‚Ä¶ https://t.co/YmLzDBa3NR"
CBSNews,45,Thu Aug 02 16:19:12 +0000 2018,0.7579,0.265,0.0,0.735,"""Let's bring her home"": The family of Mollie Tibbetts is hoping for a ""happy ending"" after her disappearance has re‚Ä¶ https://t.co/pVBkLoQC5b"
CBSNews,46,Thu Aug 02 16:15:11 +0000 2018,0.6249,0.289,0.095,0.616,"""Operation Kitten Rescue was a purrfect success"": Miami-Dade cops saved a kitten stuck under a hot police car‚Ä¶ https://t.co/KbxwqLENIb"
CBSNews,47,Thu Aug 02 16:13:32 +0000 2018,-0.3818,0.0,0.115,0.885,"""This is a fight for our daughter"": Mollie Tibbetts' father talks about how the family is holding up during the sea‚Ä¶ https://t.co/h6lEdynWKV"
CBSNews,48,Thu Aug 02 16:06:46 +0000 2018,0.6369,0.232,0.08,0.688,"A reward fund has been set up to help find missing Iowa student Mollie Tibbetts. ""We believe that Mollie is still a‚Ä¶ https://t.co/Lj6UKNAnk2"
CBSNews,49,Thu Aug 02 16:01:17 +0000 2018,-0.296,0.0,0.104,0.896,WATCH NOW: The family of missing Iowa student Mollie Tibbetts is speaking out amid reports of a possible sighting i‚Ä¶ https://t.co/jkxefujOCB
CBSNews,50,Thu Aug 02 15:59:36 +0000 2018,0.68,0.248,0.0,0.752,"President Trump to Kim Jong Un: ""thank you for your nice letter - l look forward to seeing you soon!""‚Ä¶ https://t.co/Rri2eDcXJ5"
CBSNews,51,Thu Aug 02 15:45:01 +0000 2018,0.0,0.0,0.0,1.0,"New Zealand's prime minister, only the second world leader to give birth while in office, has returned to work afte‚Ä¶ https://t.co/yqIq7YLhnU"
CBSNews,52,Thu Aug 02 15:30:01 +0000 2018,-0.743,0.0,0.27,0.73,The man suspected of killing President George H.W. Bush's former doctor is a one-time law enforcement officer who r‚Ä¶ https://t.co/Xji4jqX7XJ
CBSNews,53,Thu Aug 02 15:14:39 +0000 2018,0.0,0.0,0.0,1.0,Pregnant woman claims she was served cleaning fluid in McDonald's latte https://t.co/M3F8hMAYtn https://t.co/CX11743Gpy
CBSNews,54,Thu Aug 02 15:00:01 +0000 2018,0.0,0.0,0.0,1.0,JOINT VENTURE: Molson Coors is teaming with a cannabis producer to sell pot-infused drinks in Canada‚Ä¶ https://t.co/gWw2HP0RVk
CBSNews,55,Thu Aug 02 14:05:33 +0000 2018,-0.3818,0.0,0.11,0.89,"BASEBALL BRAWL: Parents fight in front of their kids at a youth baseball game in Texas, and video from the brawl is‚Ä¶ https://t.co/2PKh25u0wv"
CBSNews,56,Thu Aug 02 13:50:56 +0000 2018,0.4215,0.118,0.0,0.882,"RT @CBSThisMorning: ""Unlike most, I go 'this is the President of the United States.' I don't say he's #notthepresident. He is. So I will gi‚Ä¶"
CBSNews,57,Thu Aug 02 13:50:55 +0000 2018,0.1531,0.143,0.117,0.739,At least 65 Americans were among 103 passengers who miraculously survived a plane crash in Mexico. One says taking‚Ä¶ https://t.co/x208X9jDc7
CBSNews,58,Thu Aug 02 13:35:52 +0000 2018,-0.34,0.101,0.165,0.734,"New York judge says the government was applying its ""zero tolerance"" policy toward illegal entry in a ""thoughtless‚Ä¶ https://t.co/oud4wGLBuD"
CBSNews,59,Thu Aug 02 13:20:56 +0000 2018,0.34,0.118,0.0,0.882,The TSA is considering ending screening of passengers at smaller airports across the country to focus security effo‚Ä¶ https://t.co/rWs4ggAENc
CBSNews,60,Thu Aug 02 13:04:38 +0000 2018,0.0,0.0,0.0,1.0,"RT @CBSThisMorning: ""Here's the bottom line. I'm not going to spend my time here in the U.S. Senate waking up every morning and responding‚Ä¶"
CBSNews,61,Thu Aug 02 13:02:07 +0000 2018,0.4019,0.109,0.0,0.891,"COW vs. COP: This police officer was trying to help a cow move away from the side of the road, and it backfired.‚Ä¶ https://t.co/jp0sxSreiG"
CBSNews,62,Thu Aug 02 12:52:37 +0000 2018,0.5267,0.213,0.051,0.735,"RT @CBSThisMorning: Why do you want it to come from Social Security to pay for it? --@NorahODonnell 

""Well I prefer it come from the priva‚Ä¶"
CBSNews,63,Thu Aug 02 12:52:34 +0000 2018,0.3612,0.123,0.055,0.822,RT @CBSThisMorning: Senator @MarcoRubio will introduce a bill today to help parents get paid family leave. It's called the Economic Securit‚Ä¶
CBSNews,64,Thu Aug 02 12:44:40 +0000 2018,-0.7717,0.0,0.401,0.599,Facebook stunned and angered organizers of a protest against white supremacists when it disabled their Washington e‚Ä¶ https://t.co/GIkvP0mdiQ
CBSNews,65,Thu Aug 02 12:30:49 +0000 2018,-0.7845,0.0,0.277,0.723,"Pope Francis has changed church teaching about the death penalty, saying in a new policy that it is always ""inadmis‚Ä¶ https://t.co/3Q5HI2JzeO"
CBSNews,66,Thu Aug 02 12:16:53 +0000 2018,0.0772,0.067,0.0,0.933,A number of attendees at President Trump's rally in Florida on Tuesday were decked out in homemade apparel celebrat‚Ä¶ https://t.co/462EARmY9i
CBSNews,67,Thu Aug 02 12:05:01 +0000 2018,0.4019,0.124,0.0,0.876,"""There is a special twin bond': Identical twin brothers to wed identical twin sisters and move in together after th‚Ä¶ https://t.co/SWyMfoknNH"
CBSNews,68,Thu Aug 02 11:50:01 +0000 2018,-0.296,0.0,0.115,0.885,Authorities in western Missouri said they responded to reports of a possible sighting of missing 20-year-old Iowa c‚Ä¶ https://t.co/OcigmnO8VM
CBSNews,69,Thu Aug 02 11:48:08 +0000 2018,-0.7579,0.0,0.255,0.745,"RT @CBSThisMorning: ‚û°Ô∏è U.S. threatens higher China tariffs
 
‚û°Ô∏è Roman Catholic Church formally changed its teaching to declare the death pe‚Ä¶"
CBSNews,70,Thu Aug 02 11:42:00 +0000 2018,-0.6124,0.0,0.217,0.783,RT @CBSThisMorning: Court hearings will resume today in lawsuits against radio host and conspiracy theorist Alex Jones. Several families fr‚Ä¶
CBSNews,71,Thu Aug 02 11:34:41 +0000 2018,-0.6908,0.0,0.322,0.678,Zimbabwe protests turn deadly as demonstrators allege electoral fraud in presidential vote https://t.co/jcTcch5Hkp https://t.co/v1fgcRCwNJ
CBSNews,72,Thu Aug 02 11:19:36 +0000 2018,-0.25,0.0,0.118,0.882,A first-term Republican state representative resigned after an ex-girlfriend claimed that he posted nude photos of‚Ä¶ https://t.co/iKqR9HksiQ
CBSNews,73,Thu Aug 02 11:18:59 +0000 2018,-0.8555,0.0,0.276,0.724,RT @CBSThisMorning: The presumed remains of 55 American troops killed in the Korean war are back on American soil. They arrived in Hawaii y‚Ä¶
CBSNews,74,Thu Aug 02 11:18:59 +0000 2018,-0.765,0.0,0.268,0.732,"RT @CBSThisMorning: A manhunt is underway for a 62-year-old Texas man accused of killing Dr. Mark Hausknecht, who once treated former Presi‚Ä¶"
CBSNews,75,Thu Aug 02 11:18:59 +0000 2018,0.0,0.0,0.0,1.0,RT @CBSThisMorning: The Embraer 190 jetliner began its ascent from the runway but crashed less than a minute later. As the left wing hit th‚Ä¶
CBSNews,76,Thu Aug 02 11:05:01 +0000 2018,0.4767,0.154,0.0,0.846,"President Trump will appoint Vaughn F. Bishop, a career intelligence analyst who spent three decades and held a var‚Ä¶ https://t.co/2tQIAQf72b"
CBSNews,77,Thu Aug 02 10:44:30 +0000 2018,0.0,0.0,0.0,1.0,Only on @CBSThisMorning: @TheDailyShow‚Äôs @TrevorNoah joins @CBSThisMorning with a new book on how Twitter has resha‚Ä¶ https://t.co/BjtajZt6dP
CBSNews,78,Thu Aug 02 10:34:40 +0000 2018,0.0,0.0,0.0,1.0,"New Zealand Prime Minister and new mom Jacinda Ardern, only the second world leader to give birth while in office,‚Ä¶ https://t.co/6jtcaP5yRJ"
CBSNews,79,Thu Aug 02 10:30:34 +0000 2018,0.0,0.0,0.0,1.0,Are you thinking of submitting your DNA to a genealogy website? Dr. @DavidAgus will be on @CBSThisMorning with the‚Ä¶ https://t.co/XFmxdOeBdf
CBSNews,80,Thu Aug 02 10:14:32 +0000 2018,0.0,0.0,0.0,1.0,Ahead on @CBSThisMorning: New stories of survival from Americans on board the jetliner that crashed in Mexico.They‚Ä¶ https://t.co/ScMfo2IUwD
CBSNews,81,Thu Aug 02 10:00:18 +0000 2018,-0.8555,0.0,0.318,0.682,WATCH: Remains presumed to be 55 U.S. soldiers killed in the Korean War were carried onto American soil Wednesday.‚Ä¶ https://t.co/Tsb4V8qn3A
CBSNews,82,Thu Aug 02 09:48:04 +0000 2018,0.5574,0.263,0.096,0.641,Photo captures great white shark lurking next to oblivious paddleboarder https://t.co/BMUjXxgW1H https://t.co/TAaRggVX0K
CBSNews,83,Thu Aug 02 09:33:03 +0000 2018,-0.6808,0.0,0.337,0.663,"Chicken most likely to make you sicken, CDC illness data show https://t.co/Ags5u7TRo6 https://t.co/Hz4VPdJceO"
CBSNews,84,Thu Aug 02 09:18:04 +0000 2018,-0.296,0.0,0.136,0.864,Mother of missing Iowa college student recounts last text she sent to daughter https://t.co/F2xrdLvbx2 https://t.co/A8VJOWd0c3
CBSNews,85,Thu Aug 02 09:03:04 +0000 2018,0.0,0.0,0.0,1.0,Who's most likely to switch from a sedan to an SUV? https://t.co/UHABPhfjGb https://t.co/TVfmUrjBVV
CBSNews,86,Thu Aug 02 08:48:04 +0000 2018,0.0,0.0,0.0,1.0,"Jennifer Aniston addresses ""Jen can't keep a man"" rumors in new interview https://t.co/Tza6VL9wJP https://t.co/NJzPfMdJ1a"
CBSNews,87,Thu Aug 02 08:33:03 +0000 2018,0.4588,0.3,0.0,0.7,Fed stands pat on interest rates https://t.co/XuihWwKlLZ https://t.co/T7v7TmZlSf
CBSNews,88,Thu Aug 02 08:18:04 +0000 2018,-0.6908,0.0,0.281,0.719,Police kill veteran who shot naked intruder in his Colorado home https://t.co/JXDV90UXe7 https://t.co/XSjRUjvr1G
CBSNews,89,Thu Aug 02 08:03:04 +0000 2018,0.4404,0.244,0.0,0.756,Tesla on track to turn a profit this year https://t.co/bKlcoXV8fi https://t.co/jsbiUNDtO5
CBSNews,90,Thu Aug 02 07:48:03 +0000 2018,-0.6597,0.0,0.265,0.735,Ohio State football coach Urban Meyer placed on leave amid claims he knew of abuse https://t.co/Sr9BT3M9m4 https://t.co/zAFj5g5Z1M
CBSNews,91,Thu Aug 02 07:33:03 +0000 2018,0.0,0.0,0.0,1.0,"""It just goes on and on"": New wildfires erupt in scorched Northern California https://t.co/Jyz2AULFrs https://t.co/FH5WhEyjBI"
CBSNews,92,Thu Aug 02 07:18:04 +0000 2018,0.0,0.0,0.0,1.0,Mueller responds to Trump team about interview ground rules https://t.co/obklc6n1V0 https://t.co/FxoQV9foLA
CBSNews,93,Thu Aug 02 07:03:04 +0000 2018,0.25,0.174,0.12,0.707,"Austin City Limits Festival announces lineup by day, including Paul McCartney and Childish Gambino‚Ä¶ https://t.co/1Z8xyyxa64"
CBSNews,94,Thu Aug 02 06:48:03 +0000 2018,0.0,0.0,0.0,1.0,"Wraps and salads sold at Kroger, Trader Joe's recalled due to parasite concern https://t.co/0uB5EVjF80 https://t.co/x1qmXZVZ3G"
CBSNews,95,Thu Aug 02 06:33:03 +0000 2018,0.4215,0.297,0.0,0.703,Wells Fargo pays $2.1 billion fine over subprime mortgages https://t.co/WsHJofMbQt https://t.co/6nXrGi6l5j
CBSNews,96,Thu Aug 02 06:18:03 +0000 2018,0.4019,0.197,0.0,0.803,Your dreams could be an early clue to Parkinson's disease https://t.co/gI93QA4ICo https://t.co/iHgRXblhqP
CBSNews,97,Thu Aug 02 06:03:04 +0000 2018,0.0,0.0,0.0,1.0,"""Terminator"" sequel drops first look https://t.co/eaxi19Ow2H https://t.co/Rr06d9IxwD"
CBSNews,98,Thu Aug 02 05:48:03 +0000 2018,0.0,0.0,0.0,1.0,"Man's legs amputated after dog's licks lead to infection, family says https://t.co/o2oSNU1ptd https://t.co/r5k6qKPBNB"
CBSNews,99,Thu Aug 02 05:42:04 +0000 2018,0.4019,0.197,0.0,0.803,"Calif. hospital on lockdown, possible active shooter -- live updates https://t.co/dBhqY5fYek https://t.co/9Jhg2xT3pf"
CBSNews,100,Thu Aug 02 05:33:03 +0000 2018,-0.3818,0.0,0.206,0.794,Trump administration ups ante in trade fight with China https://t.co/DQVYyqKSqg https://t.co/HnU9qqJYUx
CNN,1,Fri Aug 03 00:36:35 +0000 2018,-0.5267,0.071,0.224,0.705,Why Trump's 'enemy of the people' messaging matters | Analysis by @CillizzaCNN https://t.co/CyjJDbCpRc https://t.co/qxAbKiSZ59
CNN,2,Fri Aug 03 00:26:09 +0000 2018,0.0,0.0,0.0,1.0,"""We‚Äôre being hindered by the Russian hoax,"" President Trump tells the crowd at a Pennsylvania rally ‚Äî but doesn't m‚Ä¶ https://t.co/fOpxO2oNbf"
CNN,3,Fri Aug 03 00:16:23 +0000 2018,0.0,0.0,0.0,1.0,"RT @OutFrontCNN: Scott Balber, the attorney for Emin and Aras Agalarov, says the extent of President Trump's connection with his clients is‚Ä¶"
CNN,4,Fri Aug 03 00:15:20 +0000 2018,0.0,0.0,0.0,1.0,"Research is mounting that the heat, drought and wildfires we are experiencing now are just the beginning of what cl‚Ä¶ https://t.co/72C1gfpgis"
CNN,5,Fri Aug 03 00:05:14 +0000 2018,0.0,0.0,0.0,1.0,10 unusual cruise ship amenities https://t.co/IAQqzqST9Y via @CNNTravel https://t.co/tNNBdRvuyT
CNN,6,Thu Aug 02 23:42:56 +0000 2018,-0.6486,0.0,0.218,0.782,"RT @OutFrontCNN: ""There's been no evidence the President did anything wrong or the campaign did anything wrong."" - Former Trump Campaign Ma‚Ä¶"
CNN,7,Thu Aug 02 23:31:04 +0000 2018,-0.765,0.0,0.355,0.645,"For auto industry, weaker fuel economy rules would mean a world of chaos https://t.co/QxqHy1hdZY https://t.co/tGNGmLB690"
CNN,8,Thu Aug 02 23:22:33 +0000 2018,0.5859,0.192,0.0,0.808,Emmerson Mnangagwa declared winner in the first Zimbabwe presidential election since veteran leader Robert Mugabe w‚Ä¶ https://t.co/6B1YMgDVpi
CNN,9,Thu Aug 02 23:21:03 +0000 2018,0.0,0.0,0.0,1.0,Tim Allen's character on 'Last Man Standing' won't be talking about Trump https://t.co/DpLuFIehDh https://t.co/FMhvEZ1V1r
CNN,10,Thu Aug 02 23:11:05 +0000 2018,0.0,0.0,0.0,1.0,A short story written by Ernest Hemingway in 1956 is being published for the first time https://t.co/OoMaWoUysM https://t.co/AfIyBs3Gbd
CNN,11,Thu Aug 02 23:10:00 +0000 2018,0.0,0.0,0.0,1.0,President Trump holds a rally in Pennsylvania to campaign for GOP Senate candidate Rep. Lou Barletta. Watch live:‚Ä¶ https://t.co/nmagZPJOOA
CNN,12,Thu Aug 02 23:01:07 +0000 2018,0.128,0.136,0.113,0.751,The chairwoman of the Republican National Committee sent a warning to donors about the influential Koch political n‚Ä¶ https://t.co/9lpLXSV50v
CNN,13,Thu Aug 02 22:57:54 +0000 2018,0.34,0.098,0.0,0.902,Apple becomes the first American public company to cross $1 trillion in value. Its stock is now up more than 20% th‚Ä¶ https://t.co/JqEVvocuDI
CNN,14,Thu Aug 02 22:51:05 +0000 2018,0.5984,0.163,0.0,0.837,Mentions of President Trump in campaign ads are more positive than even those of former President George W. Bush po‚Ä¶ https://t.co/6KoN5pocRw
CNN,15,Thu Aug 02 22:41:07 +0000 2018,0.0,0.0,0.0,1.0,Why this House race may be the last straw for Republicans in 2018 | Analysis by @CillizzaCNN https://t.co/VFgfcSDKeO https://t.co/WKsXTQrIsB
CNN,16,Thu Aug 02 22:36:59 +0000 2018,0.0,0.0,0.0,1.0,"LIVE NOW: Anderson Cooper Full Circle, a daily interactive news show airing on Facebook Watch‚Ä¶ https://t.co/MEbf2mj2vn"
CNN,17,Thu Aug 02 22:36:26 +0000 2018,0.4767,0.129,0.0,0.871,"RT @CNNSitRoom: ‚ÄúShocking.‚Äù @SenatorCardin is taken aback by the fact that the Director of National Intelligence, Dan Coats, is still in th‚Ä¶"
CNN,18,Thu Aug 02 22:31:06 +0000 2018,-0.3612,0.0,0.116,0.884,"Pizza Hut, which saw sales fall last quarter, doesn't seem to be benefiting from the turmoil at Papa John's‚Ä¶ https://t.co/aW0t3o4Usj"
CNN,19,Thu Aug 02 22:25:31 +0000 2018,0.0,0.0,0.0,1.0,"LIVE NOW: Anderson Cooper Full Circle, a daily interactive news show airing on Facebook Watch‚Ä¶ https://t.co/tagmTV3aDa"
CNN,20,Thu Aug 02 22:21:05 +0000 2018,-0.2732,0.0,0.13,0.87,"Lawmakers, flight attendants and passengers oppose a TSA proposal to cut screening at small airports‚Ä¶ https://t.co/PBx3NxaFL5"
CNN,21,Thu Aug 02 22:11:08 +0000 2018,0.0,0.0,0.0,1.0,Why the White House show of force on Russia won't work | Analysis by @CillizzaCNN https://t.co/s2gNkWWhNR https://t.co/Xwn4DMPfdw
CNN,22,Thu Aug 02 22:07:05 +0000 2018,0.6124,0.238,0.0,0.762,GOP Sen. Marco Rubio will introduce a bill allowing parents to use Social Security benefits for paid leave‚Ä¶ https://t.co/od6XwT2axA
CNN,23,Thu Aug 02 22:06:52 +0000 2018,0.4767,0.129,0.0,0.871,RT @CNNSitRoom: The alleged covert Russian agent Maria Butina tended to brag about her ties to Russian intelligence when she was intoxicate‚Ä¶
CNN,24,Thu Aug 02 22:01:07 +0000 2018,0.0,0.0,0.0,1.0,A toxic algae bloom in Florida is slaughtering marine life by the masses https://t.co/IbXEeGjP35 https://t.co/NJX8VlbUvW
CNN,25,Thu Aug 02 21:53:08 +0000 2018,0.0,0.0,0.0,1.0,"RT @CNNSitRoom: President Trump's silence on Russian election meddling has been ""deafening,"" CNN Political reporter @rebeccagberg says, add‚Ä¶"
CNN,26,Thu Aug 02 21:51:04 +0000 2018,0.5719,0.171,0.0,0.829,"Maria Butina's infiltration of GOP circles was anything but subtle.

The alleged covert Russian agent liked to comm‚Ä¶ https://t.co/c7qcjZxOFm"
CNN,27,Thu Aug 02 21:47:39 +0000 2018,-0.5574,0.0,0.153,0.847,"A Russian spy was employed for more than a decade at the US Embassy in Moscow before being fired last year, a senio‚Ä¶ https://t.co/GKpJ2rC8rh"
CNN,28,Thu Aug 02 21:41:04 +0000 2018,-0.6369,0.0,0.342,0.658,Les Moonves avoids sexual harassment allegations during CBS earnings call https://t.co/xs6vHV1dni https://t.co/6PwFHOW23w
CNN,29,Thu Aug 02 21:39:32 +0000 2018,-0.5574,0.0,0.135,0.865,"RT @CNNSitRoom: JUST IN: A Russian spy was employed for more than a decade at the US Embassy in Moscow before being fired last year, a seni‚Ä¶"
CNN,30,Thu Aug 02 21:32:33 +0000 2018,-0.5574,0.0,0.146,0.854,JUST IN: A Russian spy was employed for more than a decade at the US Embassy in Moscow before being fired last year‚Ä¶ https://t.co/t7HgdvkCZ8
CNN,31,Thu Aug 02 21:28:45 +0000 2018,0.4404,0.182,0.0,0.818,"Ivanka Trump's ""good cop"" routine is a sham | By Alice Driver via @CNNOpinion https://t.co/7kaIbokRTd https://t.co/RQO3O6uYhT"
CNN,32,Thu Aug 02 21:24:02 +0000 2018,-0.3716,0.092,0.204,0.703,"Hand sanitizers are losing kill power against a bacterium that resides in our guts, but can cause various complicat‚Ä¶ https://t.co/wOJFIYlB3S"
CNN,33,Thu Aug 02 21:17:58 +0000 2018,0.128,0.16,0.13,0.71,Reality Check: Can Attorney General Jeff Sessions stop special counsel Robert Mueller's investigation?‚Ä¶ https://t.co/ejx9nSZGbl
CNN,34,Thu Aug 02 21:12:57 +0000 2018,0.4939,0.167,0.0,0.833,RT @TheLeadCNN: A handful of top US national security officials said that Russia is continuing to pursue its efforts to interfere in the US‚Ä¶
CNN,35,Thu Aug 02 21:12:14 +0000 2018,0.0,0.0,0.0,1.0,"The New York Times said it is standing by new hire Sarah Jeong, while disapproving of some of the rhetoric she has‚Ä¶ https://t.co/Cg1taXauAY"
CNN,36,Thu Aug 02 21:05:11 +0000 2018,-0.5106,0.0,0.249,0.751,Former Trump campaign chairman Paul Manafort was in serious financial trouble in 2016 after his lobbying business d‚Ä¶ https://t.co/20BB9QUvTi
CNN,37,Thu Aug 02 21:01:46 +0000 2018,0.128,0.123,0.1,0.776,"Wright-Patterson Air Force Base says there was no active shooter incident at the Dayton, Ohio, military base, addin‚Ä¶ https://t.co/WoYKLBCk1q"
CNN,38,Thu Aug 02 20:55:17 +0000 2018,0.0,0.0,0.0,1.0,"Former California Republican Gov. Arnold Schwarzenegger calls the Trump administration's emissions proposal a ""stup‚Ä¶ https://t.co/ThSVoiyz4u"
CNN,39,Thu Aug 02 20:47:53 +0000 2018,-0.7845,0.0,0.347,0.653,The Pope has a message for death penalty hypocrites | By Jay Parini via @CNNOpinion https://t.co/1S3OEpV9By https://t.co/1K9yWgZBaT
CNN,40,Thu Aug 02 20:42:08 +0000 2018,0.0,0.0,0.0,1.0,UPS doesn't air condition its trucks. This petition aims to change that https://t.co/lCZuo5uXSR https://t.co/sjQqrtz5zy
CNN,41,Thu Aug 02 20:27:18 +0000 2018,-0.4767,0.0,0.119,0.881,"RT @CNNnewsroom: ""I think it's time to recognize that what we are watching in the Trump presidency is worse than Watergate,"" says Carl Bern‚Ä¶"
CNN,42,Thu Aug 02 20:26:28 +0000 2018,0.0,0.0,0.0,1.0,It has been more than two weeks since President Trump met one-on-one with Russian leader Vladimir Putin in Helsinki‚Ä¶ https://t.co/32QTOanF7q
CNN,43,Thu Aug 02 20:21:55 +0000 2018,-0.4019,0.0,0.144,0.856,"How a plane can crash and everyone survives | By Les Abend, a retired Boeing 777 captain, via @CNNOpinion‚Ä¶ https://t.co/3UNeED4Y38"
CNN,44,Thu Aug 02 20:18:51 +0000 2018,0.128,0.143,0.116,0.741,RT @CNNPolitics: Reality Check: Can Attorney General Jeff Sessions stop special counsel Robert Mueller‚Äôs investigation? https://t.co/YDj2yT‚Ä¶
CNN,45,Thu Aug 02 20:15:43 +0000 2018,0.4019,0.119,0.0,0.881,Special counsel Robert Mueller continues to press for an interview with the Russian oligarch and his pop star son w‚Ä¶ https://t.co/wShIuOW3hE
CNN,46,Thu Aug 02 20:11:51 +0000 2018,0.5106,0.117,0.0,0.883,"RT @CNNMoney: After tumbling in the morning, stocks came back strong to finish mostly higher. The S&amp;P 500 rose 0.5% and the Dow was flat. T‚Ä¶"
CNN,47,Thu Aug 02 20:06:07 +0000 2018,0.431,0.137,0.0,0.863,Ivanka Trump says the media is not the enemy of the people. The White House declines to agree.‚Ä¶ https://t.co/4bUSGJ2UWK
CNN,48,Thu Aug 02 19:59:28 +0000 2018,0.0,0.0,0.0,1.0,"RT @CNNnewsroom: Fmr. AG, Alberto Gonzales says Sessions didn't think twice about Trump's tweet regarding Mueller probe: ""Jeff Sessions is‚Ä¶"
CNN,49,Thu Aug 02 19:58:59 +0000 2018,0.4588,0.12,0.0,0.88,"Welcome to the world, Beck. Or is it Bixby or Cypress or Watson? Monterey Bay Aquarium needs a name for its new pen‚Ä¶ https://t.co/A9JSFjk7sF"
CNN,50,Thu Aug 02 19:53:04 +0000 2018,-0.7845,0.0,0.385,0.615,What does Pope Francis' death penalty shift mean for Catholic politicians? https://t.co/NVpNAtZsrO https://t.co/cNFEISCqOA
CNN,51,Thu Aug 02 19:42:51 +0000 2018,0.0,0.0,0.0,1.0,"""Talk of our demise is greatly exaggerated,"" MoviePass says https://t.co/9CdOfe5ajZ https://t.co/oNbX9p9t2i"
CNN,52,Thu Aug 02 19:34:35 +0000 2018,-0.6908,0.0,0.251,0.749,The apparent lack of coordination between Facebook and Twitter regarding the threat posed by Russia will come under‚Ä¶ https://t.co/DqTyOczNNB
CNN,53,Thu Aug 02 19:29:28 +0000 2018,0.431,0.125,0.0,0.875,CNN's Jim @Acosta repeatedly asked White House press secretary Sarah Sanders to say the press isn't the enemy of th‚Ä¶ https://t.co/KKo1z41izX
CNN,54,Thu Aug 02 19:24:47 +0000 2018,0.4019,0.147,0.078,0.776,A federal judge dismissed a lawsuit against Fox News filed by the parents of slain DNC staffer Seth Rich over the n‚Ä¶ https://t.co/0eTLMFelvO
CNN,55,Thu Aug 02 19:21:04 +0000 2018,0.7351,0.292,0.0,0.708,Director of National Intelligence Dan Coats: ‚ÄúThe intelligence community continues to be concerned about the threat‚Ä¶ https://t.co/bEZ916cJ1n
CNN,56,Thu Aug 02 19:10:43 +0000 2018,0.0,0.0,0.0,1.0,The White House is reviewing a plan that could nullify a court settlement on immigrant child detention‚Ä¶ https://t.co/GLmO7yNd2X
CNN,57,Thu Aug 02 19:01:43 +0000 2018,-0.2129,0.0,0.13,0.87,"RT @CNNnewsroom: ""If the WH isn't careful the President is going to be a mouthpiece for Russian disinformation,"" warns CNN historian @TimNa‚Ä¶"
CNN,58,Thu Aug 02 19:01:24 +0000 2018,0.0,0.0,0.0,1.0,The leader of one of the largest Roman Catholic dioceses in Pennsylvania has released a list identifying 71 priests‚Ä¶ https://t.co/nPzXBEWhnD
CNN,59,Thu Aug 02 18:44:48 +0000 2018,-0.5267,0.0,0.145,0.855,"The Trump administration says it wants to keep new cars affordable, but tariffs threaten to raise the cost of a new‚Ä¶ https://t.co/aTX29l2AB6"
CNN,60,Thu Aug 02 18:31:24 +0000 2018,0.0,0.0,0.0,1.0,Authorities are responding to a reported shooting at Wright-Patterson Air Force Base in Ohio. The base has told peo‚Ä¶ https://t.co/9F0LHTZArG
CNN,61,Thu Aug 02 18:30:04 +0000 2018,-0.431,0.0,0.222,0.778,"Housing and rates are worrying some economists that a recession is looming. ""We're not there yet, but this is what‚Ä¶ https://t.co/jzm9OSuSYP"
CNN,62,Thu Aug 02 18:20:06 +0000 2018,0.0,0.0,0.0,1.0,"A new study finds people who drink heavily are more likely to get dementia, but people who don't drink at all are a‚Ä¶ https://t.co/Z6kXv4Trhx"
CNN,63,Thu Aug 02 18:10:06 +0000 2018,-0.5106,0.0,0.155,0.845,She's an undocumented immigrant with kidney failure. And because she's not eligible for Medicaid and can't afford t‚Ä¶ https://t.co/YtnkSFgAVW
CNN,64,Thu Aug 02 18:00:00 +0000 2018,0.3612,0.212,0.0,0.788,Apple is the first US company to reach $1 trillion in market value https://t.co/1ClxuNZy2q https://t.co/qZWAFDgIDA
CNN,65,Thu Aug 02 17:51:20 +0000 2018,0.0,0.0,0.0,1.0,"Sarah Sanders is now taking questions at a White House press briefing.

Watch on CNN: https://t.co/UYpqI3w42L¬†
Live‚Ä¶ https://t.co/ceMZV9JFOn"
CNN,66,Thu Aug 02 17:38:59 +0000 2018,0.6808,0.228,0.0,0.772,"RT @CNNPolitics: ‚ÄúOur democracy itself is in the crosshairs,‚Äù DHS Secretary Kirstjen Nielsen says. ""Free and fair elections are the corners‚Ä¶"
CNN,67,Thu Aug 02 17:35:50 +0000 2018,0.5267,0.27,0.122,0.609,National Intelligence Director Dan Coats: ‚ÄúThe intelligence community continues to be concerned about the threats o‚Ä¶ https://t.co/5zyclwXgQx
CNN,68,Thu Aug 02 17:18:20 +0000 2018,0.0,0.0,0.0,1.0,Rare drone footage captures life amid the rubble in Yemen's capital https://t.co/FXgvPh5lZH https://t.co/tzsQEpyayJ
CNN,69,Thu Aug 02 17:01:00 +0000 2018,0.0516,0.066,0.0,0.934,The Trump administration wants to freeze an Obama-era regulation mandating that automakers work to make cars substa‚Ä¶ https://t.co/ITcAI5inXK
CNN,70,Thu Aug 02 16:55:07 +0000 2018,0.7096,0.396,0.0,0.604,What you wear on a flight can help save your life https://t.co/GGDDRKzpdt
CNN,71,Thu Aug 02 16:49:18 +0000 2018,-0.0516,0.0,0.062,0.938,Ohio State University head football coach Urban Meyer has been placed on paid administrative leave as the universit‚Ä¶ https://t.co/MdoziJ36Fc
CNN,72,Thu Aug 02 16:35:01 +0000 2018,0.34,0.146,0.0,0.854,Apple just became the first American company to cross $1 trillion in value https://t.co/uOjFqLVoKY https://t.co/UOdrclQ0jD
CNN,73,Thu Aug 02 16:27:50 +0000 2018,-0.7845,0.0,0.277,0.723,"Pope Francis changes Catholic teaching on the death penalty, saying it is never admissible. The Church will now ""wo‚Ä¶ https://t.co/71oKYaTLP8"
CNN,74,Thu Aug 02 16:13:56 +0000 2018,-0.5106,0.0,0.249,0.751,Suspected Russian-run Facebook pages that were taken offline this week were used to organize protests across the co‚Ä¶ https://t.co/sJP2gO4SyA
CNN,75,Thu Aug 02 16:00:02 +0000 2018,0.5719,0.156,0.0,0.844,Alexandria Ocasio-Cortez won in New York. Now her allies are taking on the Midwest. Most of the candidates now ridi‚Ä¶ https://t.co/HWNsTzkAgR
CNN,76,Thu Aug 02 15:54:18 +0000 2018,0.34,0.138,0.0,0.862,BREAKING: Apple just became the first American company to cross $1 trillion in value https://t.co/ERGhFGLL97 https://t.co/PSO2irNTLu
CNN,77,Thu Aug 02 15:46:06 +0000 2018,0.128,0.129,0.105,0.766,"Yes, there are people who wash and reuse condoms. And the CDC wants them to stop. https://t.co/mgMmcrsq3N https://t.co/5NemEdFMfa"
CNN,78,Thu Aug 02 15:29:04 +0000 2018,0.5574,0.184,0.0,0.816,"Orrin Hatch calls partisanship over Brett Kavanaugh's Supreme Court nomination ""dumbass"": ""We can't keep going down‚Ä¶ https://t.co/YSnu2VfS7Q"
CNN,79,Thu Aug 02 15:18:32 +0000 2018,0.0,0.0,0.0,1.0,"A new study finds people who drink heavily are more likely to get dementia, but people who don't drink at all are a‚Ä¶ https://t.co/AqjnX65Cdu"
CNN,80,Thu Aug 02 15:07:57 +0000 2018,0.6369,0.189,0.0,0.811,"Brookstone, the mall and airport seller best known for massage chairs, quirky gadgets and travel luggage, has filed‚Ä¶ https://t.co/vVnloVqhoo"
CNN,81,Thu Aug 02 15:00:01 +0000 2018,0.0,0.0,0.0,1.0,"At 93, Malaysian Prime Minister Mahathir Mohamad is the oldest leader in the world. Here's his advice on staying ph‚Ä¶ https://t.co/TjHHArNwxc"
CNN,82,Thu Aug 02 14:55:09 +0000 2018,0.0258,0.084,0.0,0.916,NASA is backing these designs for 3D printed homes on Mars https://t.co/nGuPcu5PXf https://t.co/lnEUZ3v0Ry
CNN,83,Thu Aug 02 14:46:28 +0000 2018,0.0,0.0,0.0,1.0,"""Plastic attacks,"" where customers unwrap their food in a supermarket and return single-use packaging to the store,‚Ä¶ https://t.co/lOq4wE0U34"
CNN,84,Thu Aug 02 14:35:00 +0000 2018,0.5423,0.209,0.0,0.791,"On a hillside in Vietnam, giant hands extend, holding a new steel bridge that has attracted scores of visitors sinc‚Ä¶ https://t.co/nJCWKi0tzO"
CNN,85,Thu Aug 02 14:28:52 +0000 2018,-0.431,0.0,0.222,0.778,"Housing and rates are worrying some economists that a recession is looming. ""We're not there yet, but this is what‚Ä¶ https://t.co/rIUyDoLkDN"
CNN,86,Thu Aug 02 14:19:19 +0000 2018,-0.6124,0.0,0.294,0.706,Here's how much money you could be losing by avoiding the stock market https://t.co/uSFlOuVPA9
CNN,87,Thu Aug 02 14:06:21 +0000 2018,0.0516,0.066,0.0,0.934,The Trump administration wants to freeze an Obama-era regulation mandating that automakers work to make cars substa‚Ä¶ https://t.co/frowKNd6x2
CNN,88,Thu Aug 02 13:52:49 +0000 2018,0.0,0.0,0.0,1.0,Rare drone footage captures life amid the rubble in Yemen's capital https://t.co/FXgvPh5lZH https://t.co/bcVulXGfTN
CNN,89,Thu Aug 02 13:40:42 +0000 2018,-0.2732,0.0,0.091,0.909,"Ivanka Trump says the news of family separations at the border ""was a low point"" during her time in the White House‚Ä¶ https://t.co/TuNShc3Qse"
CNN,90,Thu Aug 02 13:30:07 +0000 2018,0.5719,0.156,0.0,0.844,Alexandria Ocasio-Cortez won in New York. Now her allies are taking on the Midwest. Most of the candidates now ridi‚Ä¶ https://t.co/3M6KI7OwmA
CNN,91,Thu Aug 02 13:23:18 +0000 2018,0.0,0.0,0.0,1.0,"Meghan McCain, daughter of Sen. John McCain and a conservative commentator, says she speaks with former Vice Presid‚Ä¶ https://t.co/JBDo5RH3TY"
CNN,92,Thu Aug 02 13:10:07 +0000 2018,0.0,0.0,0.0,1.0,Tesla's China factory could cost billions less than everyone thought https://t.co/ABlGsySILC https://t.co/kHPuR3hcsV
CNN,93,Thu Aug 02 13:00:08 +0000 2018,0.0,0.0,0.0,1.0,"TSA is considering eliminating passenger screening at more than 150 small and medium-sized airports across the US,‚Ä¶ https://t.co/hmMi4W8vbn"
CNN,94,Thu Aug 02 12:50:08 +0000 2018,0.1779,0.078,0.0,0.922,Trump's call for Sessions to shut down the Mueller probe hints at his growing concern over what's to come | Analysi‚Ä¶ https://t.co/cFrIjaiAHy
CNN,95,Thu Aug 02 12:40:06 +0000 2018,-0.4404,0.0,0.153,0.847,"President Trump continues his attacks on billionaire Charles Koch, his latest broadside against the conservative do‚Ä¶ https://t.co/uzMw3r7SJw"
CNN,96,Thu Aug 02 12:30:06 +0000 2018,-0.6705,0.0,0.257,0.743,"A man killed a Houston doctor over a grudge from 20 years ago, police say https://t.co/TCbcheqUD9 https://t.co/qGB6gpo2il"
CNN,97,Thu Aug 02 12:20:00 +0000 2018,0.0,0.0,0.0,1.0,"To demonstrate Paul Manafort's elaborate spending habits, prosecutors released an image of a $15,000 coat made from‚Ä¶ https://t.co/FVIeXvCt5U"
CNN,98,Thu Aug 02 12:19:04 +0000 2018,-0.7845,0.0,0.277,0.723,"JUST IN: Pope Francis changes Catholic teaching on the death penalty, saying it is never admissible. The Church wil‚Ä¶ https://t.co/YLVtnpl3p6"
CNN,99,Thu Aug 02 12:10:06 +0000 2018,0.0,0.0,0.0,1.0,"A new study finds people who drink heavily are more likely to get dementia, but people who don't drink at all are a‚Ä¶ https://t.co/akZteKBMeR"
CNN,100,Thu Aug 02 12:00:11 +0000 2018,-0.5106,0.0,0.249,0.751,Suspected Russian-run Facebook pages that were taken offline this week were used to organize protests across the co‚Ä¶ https://t.co/SX0vcydh06
FoxNews,1,Fri Aug 03 00:36:00 +0000 2018,-0.7964,0.0,0.384,0.616,Court battle over Bill Cosby's sexually violent predator classification could be indicator ahead of sentencing. https://t.co/QvGB0JO1eY
FoxNews,2,Fri Aug 03 00:30:01 +0000 2018,0.2023,0.153,0.0,0.847,"Demi Lovato agrees to enter rehab facility, according to a report. https://t.co/zx5xKTggAn"
FoxNews,3,Fri Aug 03 00:14:17 +0000 2018,0.3818,0.178,0.0,0.822,".@POTUS: ""I am not another politician. I keep my promises to the people."" https://t.co/7SBQSByArJ"
FoxNews,4,Thu Aug 02 23:58:30 +0000 2018,0.0,0.0,0.0,1.0,".@POTUS on building the U.S.-Mexico border wall: ""We're either getting it or we're closing down government. We need‚Ä¶ https://t.co/3lcUs2yKdh"
FoxNews,5,Thu Aug 02 23:53:50 +0000 2018,0.1531,0.14,0.0,0.86,".@POTUS on building the U.S.-Mexico border wall: ""Anything I want, [Democrats] want to oppose...I'll just say, 'I d‚Ä¶ https://t.co/8MU7Flpwtz"
FoxNews,6,Thu Aug 02 23:50:27 +0000 2018,0.0,0.0,0.0,1.0,".@POTUS: ""So we've started the wall, $1.6 billion. We're fixing walls all over the border."" https://t.co/zQCXU9yu9F"
FoxNews,7,Thu Aug 02 23:37:41 +0000 2018,0.8481,0.387,0.0,0.613,".@POTUS: ""What I did with North Korea was great. I got along great with Chairman Kim."" https://t.co/FOx26DXvkF"
FoxNews,8,Thu Aug 02 23:35:20 +0000 2018,-0.7783,0.0,0.355,0.645,".@POTUS: ""[Democrats have voted] no on Kavanaugh, no on Gorsuch, no on massive tax cuts. In fact, @SenBobCasey and‚Ä¶ https://t.co/LBkzSXT48P"
FoxNews,9,Thu Aug 02 23:30:11 +0000 2018,0.0,0.0,0.0,1.0,".@POTUS: ""We had regulations that made it impossible to do business in this country. Highways would take 21 years t‚Ä¶ https://t.co/AXcfNFrtDE"
FoxNews,10,Thu Aug 02 23:26:27 +0000 2018,0.3412,0.124,0.0,0.876,".@RepLouBarletta: ""ISIS is practically gone, North Korea's at the table, the wall's being built...We're not tired o‚Ä¶ https://t.co/zfGL70YG42"
FoxNews,11,Thu Aug 02 23:13:07 +0000 2018,-0.3612,0.0,0.111,0.889,".@POTUS on remains returned from NK: ""Our fallen warriors are finally coming home to lay at rest in American soil.""‚Ä¶ https://t.co/7hINmimDGw"
FoxNews,12,Thu Aug 02 23:10:05 +0000 2018,0.0,0.0,0.0,1.0,".@POTUS: ""Factories are pouring back into our country. They're coming from all over the world. We're defending our‚Ä¶ https://t.co/O6AodDvbbu"
FoxNews,13,Thu Aug 02 23:07:34 +0000 2018,0.3818,0.245,0.0,0.755,".@POTUS: ""Our military is stronger than ever before."" https://t.co/wEE1g7OPF2"
FoxNews,14,Thu Aug 02 23:04:41 +0000 2018,0.4767,0.341,0.0,0.659,"President @realDonaldTrump: ""We are respected again."" https://t.co/jmleyo6RDE"
FoxNews,15,Thu Aug 02 23:03:42 +0000 2018,0.6249,0.291,0.0,0.709,"President @realDonaldTrump holds ""Make America Great Again"" rally in Pennsylvania. https://t.co/6O3nRPC7Fw"
FoxNews,16,Thu Aug 02 23:01:26 +0000 2018,0.6249,0.291,0.0,0.709,".@POTUS holds a ""Make America Great Again"" rally in Pennsylvania. https://t.co/LL0N6YrQy0 https://t.co/t3xnLR6dxO"
FoxNews,17,Thu Aug 02 22:57:59 +0000 2018,-0.5859,0.0,0.213,0.787,Backstreet Boys' Nick Carter under review by Los Angeles DA over alleged sex assault. https://t.co/lQZLqMiexD
FoxNews,18,Thu Aug 02 22:47:00 +0000 2018,0.0,0.0,0.0,1.0,"Tampa girl, 4, dies after being thrown off bridge; woman in custody. https://t.co/DnkP7qGNyj"
FoxNews,19,Thu Aug 02 22:40:00 +0000 2018,-0.5574,0.0,0.359,0.641,Chicago roadway closes during afternoon rush as protesters demand Mayor @RahmEmanuel's resignation. https://t.co/1tQoLIqdQq
FoxNews,20,Thu Aug 02 22:34:00 +0000 2018,0.694,0.252,0.0,0.748,"""THANK YOU"": Three young girls, carrying American flags and a 'thank you' sign, rode horses over to show appreciati‚Ä¶ https://t.co/OvAqanP20G"
FoxNews,21,Thu Aug 02 22:27:39 +0000 2018,-0.4215,0.0,0.203,0.797,Michael Phelps' 1995 100-meter butterfly record beaten by 'Superman' 10-year-old boy. https://t.co/fZTy0Qs4Y3
FoxNews,22,Thu Aug 02 22:19:43 +0000 2018,0.0,0.0,0.0,1.0,Over 1 million Ram pickup trucks are being recalled. #SpecialReport https://t.co/rjtvycSLx6 https://t.co/NAVwm7iHx6
FoxNews,23,Thu Aug 02 22:12:00 +0000 2018,0.0,0.0,0.0,1.0,CBS boss Les Moonves silent on #MeToo allegations during earnings call with investors. https://t.co/gsoy9KZoJn
FoxNews,24,Thu Aug 02 22:06:39 +0000 2018,0.5106,0.211,0.141,0.649,Texas doctor warns 'super strain' of pink eye on rise in part of state. https://t.co/O2phWpRlWm
FoxNews,25,Thu Aug 02 22:00:16 +0000 2018,-0.5267,0.0,0.195,0.805,ICE Director Rips 'Sad' New York AG Candidate Threatening to 'Prosecute' Agency if Elected https://t.co/NgUH1pzH02
FoxNews,26,Thu Aug 02 22:00:00 +0000 2018,0.0,0.0,0.0,1.0,TUNE IN: @4kingandcountry performs LIVE as part of the @foxandfriends All-American Summer Concert Series. Tune in t‚Ä¶ https://t.co/5qXDkp4hb5
FoxNews,27,Thu Aug 02 21:54:50 +0000 2018,-0.4215,0.0,0.297,0.703,"Paul Manafort struggled to pay bills in 2016, bookkeeper testifies https://t.co/jPSSprnj1Z"
FoxNews,28,Thu Aug 02 21:51:08 +0000 2018,0.296,0.109,0.0,0.891,Authorities make remarks about an Amber Alert issued Thursday for a 12-year-old girl from China who they believe wa‚Ä¶ https://t.co/EaffwENGEP
FoxNews,29,Thu Aug 02 21:42:05 +0000 2018,-0.7783,0.0,0.362,0.638,Carr Fire victim's grandson reacts to tragedy: 'I can't believe this is happening' https://t.co/8GWNjq5Hit
FoxNews,30,Thu Aug 02 21:37:14 +0000 2018,0.0,0.0,0.0,1.0,"Remains received from North Korea 'consistent' with being US service members, Pentagon says https://t.co/NKUBAvjFYd"
FoxNews,31,Thu Aug 02 21:36:47 +0000 2018,0.6249,0.204,0.0,0.796,".@POTUS arrives in Pennsylvania, where he will hold a ""Make America Great Again"" rally tonight. (Courtesy: WYOU) https://t.co/Jx5bByE0kg"
FoxNews,32,Thu Aug 02 21:32:37 +0000 2018,0.6249,0.215,0.0,0.785,".@JedediahBila on Obama stumping for Dems: ""President @BarackObama does a great job as a campaigner, I think that's‚Ä¶ https://t.co/7Gqd0TJBWA"
FoxNews,33,Thu Aug 02 21:27:07 +0000 2018,0.34,0.13,0.0,0.87,".@TheJuanWilliams on Obama endorsing midterm candidates: ""He has been strategic. He endorses candidates where his e‚Ä¶ https://t.co/pGXQcibb2K"
FoxNews,34,Thu Aug 02 21:23:08 +0000 2018,0.0,0.0,0.0,1.0,".@JesseBWatters on Obama reemerging for the midterms: ""We're in a new environment and for Obama to get back out the‚Ä¶ https://t.co/aOISbVWcyf"
FoxNews,35,Thu Aug 02 21:16:37 +0000 2018,-0.296,0.0,0.167,0.833,"Missing 12-year-old girl last seen leaving Reagan National Airport, police say https://t.co/wdpbdb0ugP"
FoxNews,36,Thu Aug 02 21:09:13 +0000 2018,0.4939,0.242,0.0,0.758,"House Minority Leader @NancyPelosi holds a press conference on health care.
 https://t.co/YhlUTz5NDE"
FoxNews,37,Thu Aug 02 20:59:51 +0000 2018,-0.3612,0.102,0.163,0.735,An unlikely pair found comfort in one another while seeking shelter from the Carr wildfires that have devastated Ca‚Ä¶ https://t.co/1FHQZaHnbM
FoxNews,38,Thu Aug 02 20:54:55 +0000 2018,0.0,0.0,0.0,1.0,"Backlash aside, Cowboys QB Dak Prescott defends his position on standing for the anthem. https://t.co/IRM18pE4s4"
FoxNews,39,Thu Aug 02 20:45:35 +0000 2018,0.0,0.0,0.0,1.0,RT @FoxBusiness: Papa John's founder: 'I can be back in the ads'  https://t.co/OTzPVzGHqO
FoxNews,40,Thu Aug 02 20:39:30 +0000 2018,-0.2755,0.0,0.123,0.877,National Archives says the full set of Kavanaugh documents will not be ready until October. https://t.co/6z834myygz
FoxNews,41,Thu Aug 02 20:25:00 +0000 2018,-0.2732,0.0,0.139,0.861,"Boston Duck Tour filled with tourists collides with car, 1 person taken to hospital. https://t.co/usbnGssvpd"
FoxNews,42,Thu Aug 02 20:18:05 +0000 2018,-0.296,0.0,0.104,0.896,Mollie Tibbetts: Fox News takes a look at the location where the missing woman is last thought to have been. https://t.co/ueagUmSeY1
FoxNews,43,Thu Aug 02 20:11:58 +0000 2018,0.128,0.16,0.13,0.71,"No active shooter at Wright-Patterson Air Force Base, area ‚Äòdeclared safe,‚Äô base says. https://t.co/4CctVaCL1v"
FoxNews,44,Thu Aug 02 20:03:10 +0000 2018,0.0,0.0,0.0,1.0,.@ShepNewsTeam is live with the ‚ÄòFox News Update‚Äô on Facebook Watch: https://t.co/Sb2cju6RMf https://t.co/xRZCONN168
FoxNews,45,Thu Aug 02 20:02:22 +0000 2018,0.0,0.0,0.0,1.0,RT @FoxBusiness: #BreakingNews: @Apple closes above $1 trillion in market cap. https://t.co/znsYVupoDF
FoxNews,46,Thu Aug 02 19:58:20 +0000 2018,-0.8074,0.0,0.422,0.578,OPINION: Iran's rejection of a Trump summit shows its contempt for compromise  https://t.co/2SWORI4p7r
FoxNews,47,Thu Aug 02 19:55:03 +0000 2018,0.0,0.0,0.0,1.0,The Trump administration is considering rolling back on Obama-era mileage standards; @Ajshaps reports.‚Ä¶ https://t.co/QzB5wifIYI
FoxNews,48,Thu Aug 02 19:47:41 +0000 2018,0.0,0.0,0.0,1.0,"More than 1,000 homes have been torched in the California wildfires; @Jeff_Journalist reports. @ShepNewsTeam‚Ä¶ https://t.co/SpIR3pD03J"
FoxNews,49,Thu Aug 02 19:38:50 +0000 2018,0.0,0.0,0.0,1.0,Pentagon officials are briefing the media on the process of identifying the remains received from North Korea;‚Ä¶ https://t.co/K7Z0XTpMZz
FoxNews,50,Thu Aug 02 19:32:22 +0000 2018,0.4466,0.196,0.0,0.804,RT @FoxBusiness: RECALL ALERT: Fiat Chrysler recalls 1.1 million Ram pickup trucks  https://t.co/VnlQOe8Ngv
FoxNews,51,Thu Aug 02 19:27:00 +0000 2018,-0.7845,0.0,0.33,0.67,Pope Francis says the death penalty is 'inadmissible' in all cases; Lauren Green reports. @ShepNewsTeam‚Ä¶ https://t.co/J4JcJNrVYI
FoxNews,52,Thu Aug 02 19:24:49 +0000 2018,0.4215,0.128,0.0,0.872,Fox News was just ranked as one of the ‚Äúmost trusted‚Äù TV news brands in the United States. https://t.co/XAxNnbgg6l https://t.co/uuIxm5VaTD
FoxNews,53,Thu Aug 02 19:21:35 +0000 2018,0.0,0.0,0.0,1.0,The Paul Manafort trial has entered day three; @pdoocy has the latest. @ShepNewsTeam https://t.co/YmPPUo6HJd https://t.co/ESWAQtaWiF
FoxNews,54,Thu Aug 02 19:13:17 +0000 2018,0.2023,0.101,0.0,0.899,Top Trump administration officials sounded off on Thursday about protecting the 2018 midterms from Russian interfer‚Ä¶ https://t.co/SALwkrzztA
FoxNews,55,Thu Aug 02 19:01:57 +0000 2018,0.0,0.0,0.0,1.0,"Tim Allen's 'Last Man Standing' return will include character's conservative views, exec says https://t.co/y1J7x6jgY5"
FoxNews,56,Thu Aug 02 18:55:00 +0000 2018,0.7351,0.256,0.0,0.744,".@Judgenap on the Manafort trial: ""The prosecutors are entitled to inflame the jury by explaining in great detail h‚Ä¶ https://t.co/IXGTb3crjW"
FoxNews,57,Thu Aug 02 18:48:00 +0000 2018,0.0,0.0,0.0,1.0,Anti-Semitism on the rise in Germany as Jewish business owners and students are targeted online. https://t.co/ek6YD6lbeW
FoxNews,58,Thu Aug 02 18:42:46 +0000 2018,-0.2023,0.0,0.184,0.816,"'Force field' technology could make US tanks unstoppable.
https://t.co/vSsNlPXfBb"
FoxNews,59,Thu Aug 02 18:34:44 +0000 2018,0.0,0.0,0.0,1.0,".@guypbenson: ""Efforts to beat back Russian [election] interference have to stem from the federal level.""‚Ä¶ https://t.co/N1XRH0lD4g"
FoxNews,60,Thu Aug 02 18:30:02 +0000 2018,0.6369,0.215,0.0,0.785,".@PressSec: ‚ÄúWe‚Äôre looking to do everything we can at this point to protect the 2018 elections, the integrity of th‚Ä¶ https://t.co/3M7waWvvzx"
FoxNews,61,Thu Aug 02 18:23:17 +0000 2018,0.4588,0.312,0.0,0.688,.@PressSec: ‚ÄúWe want to secure the borders. We want to change the law.‚Äù https://t.co/jzM0ykQ62k
FoxNews,62,Thu Aug 02 18:13:28 +0000 2018,0.4767,0.134,0.0,0.866,"RT @FoxBusiness: Dan Coats, Director of National Intelligence: ""Our focus here today is simply to tell the American people: We acknowledge‚Ä¶"
FoxNews,63,Thu Aug 02 18:08:32 +0000 2018,0.3612,0.185,0.0,0.815,"General Nakasone: ‚ÄúOur forces are well-trained, ready, and very capable."" https://t.co/7552RhAb9c https://t.co/t0hMsWZDjS"
FoxNews,64,Thu Aug 02 18:06:58 +0000 2018,-0.3089,0.0,0.131,0.869,"Charlie Sheen claims he can't afford child support after being 'blacklisted' in Hollywood, says report https://t.co/wSRA1MdPRR"
FoxNews,65,Thu Aug 02 17:58:03 +0000 2018,0.34,0.118,0.0,0.882,FBI Director Wray: ‚ÄúRussia attempted to interfere with the last election and continues to engage in malign influenc‚Ä¶ https://t.co/Q5wyQmGHd9
FoxNews,66,Thu Aug 02 17:53:18 +0000 2018,-0.6124,0.0,0.238,0.762,"JUST IN: Trump officials sound alarm on Russian meddling, vow to fight back: Democracy 'in the crosshairs' https://t.co/jxy4Mb3DO9"
FoxNews,67,Thu Aug 02 17:50:36 +0000 2018,0.0258,0.11,0.105,0.785,.@SecNielsen: ‚ÄúOur adversaries have shown they have the willingness and capability to interfere in our elections.‚Äù https://t.co/q2cB7hhEna
FoxNews,68,Thu Aug 02 17:44:16 +0000 2018,0.4767,0.147,0.0,0.853,Director of National Intelligence Dan Coats: ‚ÄúWe continue to see a pervasive messaging campaign by Russia to try to‚Ä¶ https://t.co/inmr8d2AYn
FoxNews,69,Thu Aug 02 17:39:19 +0000 2018,0.7351,0.267,0.0,0.733,Director of National Intelligence Dan Coats: ‚ÄúThe intelligence community and all of its agencies are postured to id‚Ä¶ https://t.co/EhuGPk1Csd
FoxNews,70,Thu Aug 02 17:35:41 +0000 2018,0.2263,0.101,0.0,0.899,".@AmbJohnBolton: ‚ÄúSince January 2017, the president has taken decisive action to defend our election systems from m‚Ä¶ https://t.co/plCfaal9Ve"
FoxNews,71,Thu Aug 02 17:35:18 +0000 2018,0.4939,0.181,0.0,0.819,"RT @FoxBusiness: Dan Coats, Director of National Intelligence: ""The president has specifically directed us to make the matter of the electi‚Ä¶"
FoxNews,72,Thu Aug 02 17:20:54 +0000 2018,0.3818,0.133,0.0,0.867,.@PressSec: ‚ÄúThe president has made it clear that his administration will not tolerate foreign interference in our‚Ä¶ https://t.co/lapC4x7spM
FoxNews,73,Thu Aug 02 17:15:26 +0000 2018,0.0,0.0,0.0,1.0,.@PressSec Sarah Sanders holds a @WhiteHouse press briefing https://t.co/T2P0OU6niN
FoxNews,74,Thu Aug 02 17:15:10 +0000 2018,0.128,0.077,0.0,0.923,COMING UP: White House press briefing as Trump's legal team and Mueller weigh options for potential interview - For‚Ä¶ https://t.co/TphmqAeTGJ
FoxNews,75,Thu Aug 02 17:15:06 +0000 2018,-0.2023,0.0,0.141,0.859,Extremely rare blue diamonds lurk deep in Earth's core (via @christocarbone) https://t.co/1RSYdiKjqJ
FoxNews,76,Thu Aug 02 17:06:00 +0000 2018,0.0,0.0,0.0,1.0,"Ronald Vitiello: ""ICE enforces the law that Congress gives us and the President signs. That's how our system works.‚Ä¶ https://t.co/ofkRcksXoA"
FoxNews,77,Thu Aug 02 16:58:20 +0000 2018,0.25,0.133,0.0,0.867,'I'm Confused': ICE Official Corrects Hawaii Dem Who Thought Trump Created Immigration Law    https://t.co/6NZZKbnJo8
FoxNews,78,Thu Aug 02 16:47:00 +0000 2018,0.0516,0.091,0.0,0.909,"Trump unravels more of Obama's legacy, with proposed freeze on mileage rules https://t.co/UP8m4UZ01b"
FoxNews,79,Thu Aug 02 16:38:29 +0000 2018,0.3182,0.141,0.0,0.859,Trumka blasted by teachers union boss for keeping door open on Trump 2020 endorsement https://t.co/oum8Srjtdp
FoxNews,80,Thu Aug 02 16:25:24 +0000 2018,-0.4215,0.103,0.183,0.714,"On @AmericaNewsroom, @BlakemanB said he thinks there's a ""huge identity crisis"" going on right now within the Democ‚Ä¶ https://t.co/FQiE0qR9Kl"
FoxNews,81,Thu Aug 02 16:24:54 +0000 2018,-0.34,0.0,0.179,0.821,"Cat and chicken found huddled together, seeking shelter from Carr Fire https://t.co/prNF9g8ciB"
FoxNews,82,Thu Aug 02 16:18:00 +0000 2018,-0.5574,0.0,0.175,0.825,"#MollieTibbetts' father Rob Tibbetts: ""Mollie isn't all that more different than your daughters or your sisters or‚Ä¶ https://t.co/zJfvZb8sok"
FoxNews,83,Thu Aug 02 16:15:43 +0000 2018,0.0,0.0,0.0,1.0,"#MollieTibbetts' mother Laura Calderwood: ""We have raised $172,000 that would be paid to you as soon as Mollie is s‚Ä¶ https://t.co/MhkMghswqa"
FoxNews,84,Thu Aug 02 16:12:01 +0000 2018,0.0,0.0,0.0,1.0,"#MollieTibbetts' father: ""Mollie isn't all that more different than your daughters or your sisters or your girlfrie‚Ä¶ https://t.co/GFDCf5QMQT"
FoxNews,85,Thu Aug 02 16:10:59 +0000 2018,-0.3818,0.0,0.245,0.755,"#MollieTibbetts' father: ""This is a fight for our daughter."" https://t.co/c3qcZby69L"
FoxNews,86,Thu Aug 02 16:07:06 +0000 2018,0.0,0.0,0.0,1.0,"#MollieTibbetts' mother Laura Calderwood: ""We have raised $172,000 that would be paid to you as soon as Mollie is s‚Ä¶ https://t.co/aEm5QlpfZS"
FoxNews,87,Thu Aug 02 16:05:16 +0000 2018,0.765,0.292,0.0,0.708,"#MollieTibbetts' mother Laura Calderwood: ""We have set up a Bring Mollie Tibbetts Home Safe reward fund... We belie‚Ä¶ https://t.co/1Z15wH3EBL"
FoxNews,88,Thu Aug 02 16:02:02 +0000 2018,-0.296,0.0,0.121,0.879,"A news conference is held on Mollie Tibbetts, a missing Iowa college student who vanished two weeks ago.  https://t.co/a2oLol03jy"
FoxNews,89,Thu Aug 02 15:57:30 +0000 2018,0.0,0.0,0.0,1.0,"RT @FoxBusiness: BREAKING NEWS: Apple becomes $1 trillion company, briefly $AAPL https://t.co/JCykCnFA5l"
FoxNews,90,Thu Aug 02 15:57:23 +0000 2018,-0.296,0.0,0.104,0.896,"COMING UP: News conference on missing college student Mollie Tibbetts - For full live coverage, tune in to Fox News‚Ä¶ https://t.co/7dgyOAiUPA"
FoxNews,91,Thu Aug 02 15:53:21 +0000 2018,0.0,0.0,0.0,1.0,RT @FoxBusiness: BREAKING NEWS: Apple briefly hits $1 trillion $AAPL https://t.co/gCq0vD8tBL
FoxNews,92,Thu Aug 02 15:44:13 +0000 2018,-0.7713,0.0,0.358,0.642,Carr fire is one of the most destructive in California's history; @Jeff_Journalist reports. https://t.co/PBMXyo3iHd
FoxNews,93,Thu Aug 02 15:43:15 +0000 2018,-0.7003,0.0,0.279,0.721,WATCH: @BillHemmer speaks to Rob Tibbetts and Dalton Jack about missing college student Mollie Tibbetts on‚Ä¶ https://t.co/HKRRK4fvgJ
FoxNews,94,Thu Aug 02 15:37:57 +0000 2018,0.0,0.0,0.0,1.0,Photo of the Day: Royal New Zealand Navy Commodore Tony Millar tosses a fish to a dolphin from the Marine Mammals S‚Ä¶ https://t.co/gMUcnvjaqn
FoxNews,95,Thu Aug 02 15:26:02 +0000 2018,-0.4404,0.0,0.328,0.672,"Thomas Homan: ""I'm working hard on fighting sanctuary policies."" https://t.co/HC7mFLjHPt"
FoxNews,96,Thu Aug 02 15:13:00 +0000 2018,0.0,0.0,0.0,1.0,"In this Tuesday, July 31, 2018 photo, bulldozer operators and their machines build containment lines while battling‚Ä¶ https://t.co/kd2IWNYTWy"
FoxNews,97,Thu Aug 02 15:02:53 +0000 2018,0.0516,0.079,0.0,0.921,"Trump unravels more of Obama's legacy, with proposed freeze on mileage rules (via @brookefoxnews) https://t.co/UP8m4UZ01b"
FoxNews,98,Thu Aug 02 14:57:09 +0000 2018,-0.2584,0.125,0.202,0.673,".@SenatorLankford: ""We've not forgotten the heroes from the Korean War."" https://t.co/CwkS9zAddn"
FoxNews,99,Thu Aug 02 14:48:00 +0000 2018,-0.5994,0.0,0.178,0.822,Vietnam War veteran Calvin Bunnell appeared on @foxandfriends to call for the Connecticut town official who knelt d‚Ä¶ https://t.co/b060TNGTLp
FoxNews,100,Thu Aug 02 14:43:27 +0000 2018,0.1027,0.15,0.128,0.722,".@SenatorLankford: ""I'm skeptical of the special counsel because of how long it can take."" https://t.co/SoXTbI7mO8"
nytimes,1,Fri Aug 03 00:27:04 +0000 2018,0.6249,0.203,0.0,0.797,"RT @nytvideo: Is Russia trying to influence the U.S. midterm elections? Yes, according to the heads of the country‚Äôs national security agen‚Ä¶"
nytimes,2,Fri Aug 03 00:12:02 +0000 2018,0.0,0.0,0.0,1.0,First election results are coming in from the Tennessee primary. Follow the vote here. https://t.co/VwXIrHRtWi
nytimes,3,Fri Aug 03 00:02:03 +0000 2018,-0.5994,0.0,0.214,0.786,"They were allowed to cast ballots. Later they were arrested. In North Carolina, 12 people were charged with felonie‚Ä¶ https://t.co/Lc185rL6gj"
nytimes,4,Thu Aug 02 23:47:03 +0000 2018,0.0,0.0,0.0,1.0,The hominins who lived on this Indonesian island were small. So are some modern humans living there now. But it's n‚Ä¶ https://t.co/MQjn8N2uiF
nytimes,5,Thu Aug 02 23:32:03 +0000 2018,0.0,0.0,0.0,1.0,Artists and art professionals from around Los Angeles have been voicing concerns about the appointment of Klaus Bie‚Ä¶ https://t.co/DTEzxdBhMZ
nytimes,6,Thu Aug 02 23:17:07 +0000 2018,0.0,0.0,0.0,1.0,RT @nytgraphics: We‚Äôll have live results tonight for the Tennessee primary elections. Polls close at 8 p.m. Eastern. https://t.co/D0DATaXGCS
nytimes,7,Thu Aug 02 23:02:11 +0000 2018,-0.5574,0.0,0.153,0.847,"Hemingway wrote five short stories in 1956, telling his publisher they could be released after he died. Only one of‚Ä¶ https://t.co/5BaGc0bP39"
nytimes,8,Thu Aug 02 22:47:06 +0000 2018,0.0,0.0,0.0,1.0,Evening Briefing: Here's what you need to know at the end of the day https://t.co/1MalfXYU3i
nytimes,9,Thu Aug 02 22:32:04 +0000 2018,0.0,0.0,0.0,1.0,"Mayors and city planners have long dreamed of making the Chicago River a busy, dazzling waterfront. It might have f‚Ä¶ https://t.co/iShHkTnxLi"
nytimes,10,Thu Aug 02 22:17:02 +0000 2018,-0.0258,0.09,0.094,0.815,"RT @emmagf: ‚ÄúWe‚Äôre continuing to create jobs, the population is increasing, we‚Äôre building new housing ‚Äî there‚Äôs no objective reason for su‚Ä¶"
nytimes,11,Thu Aug 02 22:00:13 +0000 2018,0.0,0.0,0.0,1.0,"As the #MeToo movement emerged, former Ohio State wrestlers found memories surging back. Now they're dealing with a‚Ä¶ https://t.co/xKqRZWmTUo"
nytimes,12,Thu Aug 02 21:47:08 +0000 2018,0.2748,0.1,0.0,0.9,"Sweden's tallest peak is melting in record heat ‚Äî melting enough, in fact, that it almost certainly isn't the talle‚Ä¶ https://t.co/3Jv6FotZE6"
nytimes,13,Thu Aug 02 21:26:03 +0000 2018,0.0,0.0,0.0,1.0,"RT @gettleman: ‚ÄúI‚Äôll be honest,‚Äù said Mohammad Aslam, a seemingly forthright police commander in southern Kashmir. ‚ÄúFor every militant we k‚Ä¶"
nytimes,14,Thu Aug 02 21:11:03 +0000 2018,-0.5859,0.098,0.252,0.65,"A Chinese company that broke sanctions on Iran and North Korea and was labeled a ""national security threat"" in the‚Ä¶ https://t.co/pMLxsIuoRx"
nytimes,15,Thu Aug 02 20:55:06 +0000 2018,0.7351,0.267,0.0,0.733,"Even amid #MeToo and #OscarsSoWhite ‚Äî and celebrated films like ‚ÄúWonder Woman,‚Äù ‚ÄúBlack Panther‚Äù and ‚ÄúCall Me by You‚Ä¶ https://t.co/XluOHvntxi"
nytimes,16,Thu Aug 02 20:55:03 +0000 2018,-0.5106,0.0,0.249,0.751,A lawsuit alleges New York is denying medically necessary treatments for thousands of low-income residents https://t.co/80KhW4WQVw
nytimes,17,Thu Aug 02 20:40:09 +0000 2018,-0.6369,0.0,0.245,0.755,The young Parisian woman who confronted her harasser in a widely viewed video has started a website and a Facebook‚Ä¶ https://t.co/ePoz7fZmUV
nytimes,18,Thu Aug 02 20:25:05 +0000 2018,0.0,0.0,0.0,1.0,Here's a recipe to file away for an upcoming seasonal bounty of zucchini https://t.co/t3jhyfQ2jd
nytimes,19,Thu Aug 02 20:10:07 +0000 2018,0.296,0.099,0.0,0.901,"Nearly every man who has come forward shares a similar story: Regardless of what ailment they had, they said Dr. St‚Ä¶ https://t.co/xgGExUXoDt"
nytimes,20,Thu Aug 02 19:55:06 +0000 2018,-0.7096,0.0,0.219,0.781,"By the time she was 23, the labor leader Clara Lemlich Shavelson had been arrested 17 times and beaten by police an‚Ä¶ https://t.co/MK9GvIWViV"
nytimes,21,Thu Aug 02 19:45:02 +0000 2018,0.4019,0.153,0.0,0.847,"RT @mattfleg: On deep background, not-for-attribution and definitely without fingerprints...I wrote about the often-absurd conversations jo‚Ä¶"
nytimes,22,Thu Aug 02 19:35:03 +0000 2018,0.431,0.137,0.0,0.863,"It wasn't a crime to carry marijuana. Then four words from a 1977 law changed everything: ""Open to public view."" https://t.co/bORFqrpOf0"
nytimes,23,Thu Aug 02 19:20:06 +0000 2018,-0.7506,0.0,0.33,0.67,"California firefighters took time to mourn a fallen colleague, ‚Äúour brother,‚Äù while battling one of the most destru‚Ä¶ https://t.co/iXZtU7ARwE"
nytimes,24,Thu Aug 02 19:06:09 +0000 2018,0.0258,0.058,0.0,0.942,One of the most diverse Democratic congressional primaries of the year will reach a climax with voting on Tuesday. https://t.co/43ptQ5Ww2n
nytimes,25,Thu Aug 02 18:50:32 +0000 2018,0.0,0.0,0.0,1.0,"When the Trump administration announced a citizenship question would appear on the 2020 census, it was met with con‚Ä¶ https://t.co/sOLbVD0tmE"
nytimes,26,Thu Aug 02 18:35:07 +0000 2018,0.0,0.0,0.0,1.0,Jamie Thomas was not an art historian or administrator. He was Pop Art icon Robert Indiana's caretaker. But when In‚Ä¶ https://t.co/VMhMPOhVK7
nytimes,27,Thu Aug 02 18:27:35 +0000 2018,0.34,0.13,0.0,0.87,"Breaking News: Russia is still trying to influence U.S. elections, several national security chiefs bluntly warned‚Ä¶ https://t.co/tsdjObvURx"
nytimes,28,Thu Aug 02 18:20:07 +0000 2018,-0.3612,0.0,0.116,0.884,"A new Hemingway story, written in 1956 and published for the first time today, offers a window into his struggles w‚Ä¶ https://t.co/97LNIe9vPJ"
nytimes,29,Thu Aug 02 18:05:04 +0000 2018,0.3182,0.161,0.0,0.839,Not sure what to do in NYC this weekend? We‚Äôve got you. https://t.co/i5KZgYODXL
nytimes,30,Thu Aug 02 17:49:05 +0000 2018,0.0,0.0,0.0,1.0,Those green swirling masses you see on the beach? They're not algae. They're green worms. https://t.co/XIBCTpDPte
nytimes,31,Thu Aug 02 17:35:04 +0000 2018,0.0,0.0,0.0,1.0,"RT @nytopinion: Facebook has been working humanity‚Äôs last nerve for far too long now. Every week, it‚Äôs something, and that something is nev‚Ä¶"
nytimes,32,Thu Aug 02 17:20:06 +0000 2018,-0.1531,0.0,0.086,0.914,Why has a socially awkward stick figure from Finland caught on with young people in China's crowded cities? https://t.co/FKnxbVjLLi
nytimes,33,Thu Aug 02 17:05:05 +0000 2018,0.34,0.107,0.0,0.893,"RT @nytgraphics: Apple's value hit $1 trillion today. How many companies would you have to combine to equal one Apple?
https://t.co/jnlB9x9‚Ä¶"
nytimes,34,Thu Aug 02 16:51:57 +0000 2018,0.4019,0.114,0.0,0.886,New offices are being designed with a focus on the well-being of the people who work in them: ‚ÄúI definitely find my‚Ä¶ https://t.co/kMRULWW45a
nytimes,35,Thu Aug 02 16:51:00 +0000 2018,-0.9062,0.0,0.386,0.614,"Richard Strauss killed himself in 2005. His suicide, for some of his victims, means they will never get closure.

‚Äú‚Ä¶ https://t.co/G7rvOJ5zpX"
nytimes,36,Thu Aug 02 16:47:00 +0000 2018,0.0,0.0,0.0,1.0,"‚ÄúThey were supposed to be a manly man,‚Äù said Dunyasha Yetts, one of the most outspoken former Ohio State wrestlers.‚Ä¶ https://t.co/NlfwobSIxT"
nytimes,37,Thu Aug 02 16:43:00 +0000 2018,-0.4019,0.094,0.157,0.749,"While they knew something was not right, many of the men weren‚Äôt ready to call it abuse.

‚ÄúI didn‚Äôt understand myse‚Ä¶ https://t.co/IxamMdADfx"
nytimes,38,Thu Aug 02 16:40:00 +0000 2018,-0.5106,0.0,0.142,0.858,"David Mulvin, the captain of Ohio State‚Äôs wrestling team in 1978, said he‚Äôd been abused by Richard Strauss after se‚Ä¶ https://t.co/NC23i9QiP6"
nytimes,39,Thu Aug 02 16:37:00 +0000 2018,0.0,0.0,0.0,1.0,"For Nick Nutter, watching former gymnasts testify at the trial of Larry Nassar ‚Äúwoke up the beast.‚Äù The memories of‚Ä¶ https://t.co/sB0UFaKelc"
nytimes,40,Thu Aug 02 16:34:00 +0000 2018,0.0,0.0,0.0,1.0,"Nearly every man who has come forward has a similar story. Regardless of what ailment they had, they said Dr. Richa‚Ä¶ https://t.co/I4HPb9wFRS"
nytimes,41,Thu Aug 02 16:30:11 +0000 2018,-0.4404,0.0,0.121,0.879,"More than 100 men have now said they were molested by Dr. Richard Strauss, a doctor at Ohio State University from t‚Ä¶ https://t.co/7GPB5161qb"
nytimes,42,Thu Aug 02 16:15:07 +0000 2018,0.0772,0.056,0.0,0.944,"""You know,"" President Trump told the crowd, ""if you go out and you want to buy groceries, you need a picture on a c‚Ä¶ https://t.co/Ua4hWmfDaB"
nytimes,43,Thu Aug 02 15:59:59 +0000 2018,0.34,0.112,0.0,0.888,Apple just became the first U.S. public company with a $1 trillion market value. Here‚Äôs how a firm once near bankru‚Ä¶ https://t.co/o6yRw2QEln
nytimes,44,Thu Aug 02 15:45:10 +0000 2018,0.128,0.073,0.0,0.927,How will the Department of Defense identify the remains of US service members recently returned from North Korea? A‚Ä¶ https://t.co/WQobsqsNvF
nytimes,45,Thu Aug 02 15:29:33 +0000 2018,-0.3182,0.0,0.103,0.897,"A giant colony of 500,000 breeding pairs of king penguins has lost 90% of its population since 1982, according to a‚Ä¶ https://t.co/FIkqhnZHzh"
nytimes,46,Thu Aug 02 15:12:27 +0000 2018,0.5267,0.196,0.0,0.804,RT @nytclimate: Trump administration officials contend that their plan to scrap Obama-era fuel economy standards will save thousands of liv‚Ä¶
nytimes,47,Thu Aug 02 15:00:19 +0000 2018,0.4215,0.174,0.0,0.826,"President Trump is pushing his lawyers to reach a deal with the special counsel about an interview, despite their a‚Ä¶ https://t.co/VGEMYhWoou"
nytimes,48,Thu Aug 02 14:44:07 +0000 2018,0.0,0.0,0.0,1.0,"Only 181 of the roughly 450 sets of remains returned by North Korea in past years have ever been identified, and ma‚Ä¶ https://t.co/wBpuKFKPd9"
nytimes,49,Thu Aug 02 14:30:06 +0000 2018,0.0,0.0,0.0,1.0,Robert Mueller's investigation shined a spotlight on the waves of foreign money washing through American politics i‚Ä¶ https://t.co/yNMMXQlIaZ
nytimes,50,Thu Aug 02 14:14:03 +0000 2018,0.0258,0.213,0.206,0.581,"Video: ""We watched as a hopeful city was overtaken by fear"" https://t.co/JSxQdnKtTv"
nytimes,51,Thu Aug 02 14:11:02 +0000 2018,0.0,0.0,0.0,1.0,Tennessee could move closer to electing its first female governor https://t.co/VTNzKmjOq6
nytimes,52,Thu Aug 02 14:00:08 +0000 2018,0.7096,0.322,0.113,0.565,A gold medal often described as the Nobel Prize for mathematics was stolen minutes after it was awarded to a Cambri‚Ä¶ https://t.co/a9DrRGIWb5
nytimes,53,Thu Aug 02 13:44:02 +0000 2018,-0.5106,0.0,0.193,0.807,A well-known critic of the Chinese government was on the phone with a reporter when he was interrupted by Chinese s‚Ä¶ https://t.co/n6u9RAH9fk
nytimes,54,Thu Aug 02 13:27:33 +0000 2018,-0.3182,0.0,0.119,0.881,"Breaking News: The Trump administration proposed weakening an Obama-era rule on car pollution, setting up a race by‚Ä¶ https://t.co/Igh3wZBk8B"
nytimes,55,Thu Aug 02 13:15:05 +0000 2018,-0.4019,0.0,0.153,0.847,RT @NYTNational: The president often makes misleading claims in rallies. His latest is outright false. https://t.co/udpaE56l1a
nytimes,56,Thu Aug 02 13:00:14 +0000 2018,0.0,0.0,0.0,1.0,Morning Briefing: Here's what you need to know to start your day https://t.co/RZhue1MrDa https://t.co/sNZNT5lR5j
nytimes,57,Thu Aug 02 12:44:02 +0000 2018,0.128,0.073,0.0,0.927,Legal experts and law enforcement officials who have worked with Mueller have said that they believe he would pursu‚Ä¶ https://t.co/gfw1CJFN42
nytimes,58,Thu Aug 02 12:30:07 +0000 2018,-0.1779,0.0,0.116,0.884,Samantha Bee voiced her anxiety about it 3-D printed guns. Our late-night roundup: https://t.co/8Btqwe5xri
nytimes,59,Thu Aug 02 12:15:07 +0000 2018,0.0,0.0,0.0,1.0,"A political activist said he interacted with an administrator he knew as ""Mary"" for months on Facebook, without thi‚Ä¶ https://t.co/kB5aT7kWG0"
nytimes,60,Thu Aug 02 11:44:06 +0000 2018,0.4588,0.13,0.0,0.87,The Bank of England raised interest rates to their highest levels in nearly a decade as it seeks to make preparatio‚Ä¶ https://t.co/vxRtarvskU
nytimes,61,Thu Aug 02 11:30:13 +0000 2018,0.3384,0.102,0.0,0.898,"""Generally, the public is more tolerant of obese animals than they are of thin ones. There‚Äôs not as much stigma wit‚Ä¶ https://t.co/3vMqxXvrF5"
nytimes,62,Thu Aug 02 11:22:05 +0000 2018,-0.7845,0.0,0.315,0.685,"Breaking News: Pope Francis declared the death penalty inadmissible in all cases, shifting Roman Catholic teachings‚Ä¶ https://t.co/btjYlzO1gl"
nytimes,63,Thu Aug 02 11:15:04 +0000 2018,-0.5267,0.0,0.145,0.855,How an outlandish conspiracy theory born on the fringes of the internet ended up in the spotlight at a Donald Trump‚Ä¶ https://t.co/Atq3UKooJs
nytimes,64,Thu Aug 02 11:00:06 +0000 2018,0.7579,0.277,0.0,0.723,"The economic expansion in the United States celebrated its ninth birthday last month. If it survives another year,‚Ä¶ https://t.co/vuMjz4j0xm"
nytimes,65,Thu Aug 02 10:46:04 +0000 2018,0.0,0.0,0.0,1.0,"Jacinda Ardern returned to work on Thursday, six weeks after she gave birth to her first child. ""I'm not going to p‚Ä¶ https://t.co/asji8XaqlF"
nytimes,66,Thu Aug 02 10:31:58 +0000 2018,0.3182,0.103,0.0,0.897,Alaska Airlines apologized this week after a flight attendant asked a gay man to give up his seat next to his partn‚Ä¶ https://t.co/XCbeXncguB
nytimes,67,Thu Aug 02 10:14:04 +0000 2018,0.4019,0.13,0.0,0.87,President Trump called on Attorney General Jeff Sessions on Wednesday to end the special counsel's inquiry into Rus‚Ä¶ https://t.co/o4P6gh6sX5
nytimes,68,Thu Aug 02 10:07:07 +0000 2018,0.0,0.0,0.0,1.0,Morning¬†Briefing: Here's what you need to know to start your day https://t.co/Ohloc7Oo4q https://t.co/8gx8izBCJp
nytimes,69,Thu Aug 02 09:44:08 +0000 2018,-0.3182,0.079,0.133,0.788,"A rare violin turned up in a Massachusetts pawnshop, sold for $50. The catch? It was stolen. And worth more than $2‚Ä¶ https://t.co/3XxHXvGWMl"
nytimes,70,Thu Aug 02 09:30:06 +0000 2018,-0.296,0.135,0.192,0.673,"Frei.Wild, a popular German rock band, ""is bringing a racist, xenophobic, nationalist, ethnic thinking into the hea‚Ä¶ https://t.co/QAnOaANpVl"
nytimes,71,Thu Aug 02 09:23:03 +0000 2018,0.0,0.0,0.0,1.0,Readers responded to a story chronicling one woman's spiral into opioid addiction with their own stories of recover‚Ä¶ https://t.co/w7LRhwrHZK
nytimes,72,Thu Aug 02 09:11:07 +0000 2018,0.0,0.0,0.0,1.0,Demonstrators in Zimbabwe called the country's elections a sham and armed soldiers swept the streets. At least thre‚Ä¶ https://t.co/3XTdqS9FlY
nytimes,73,Thu Aug 02 08:54:07 +0000 2018,-0.8221,0.0,0.297,0.703,RT @nytimesworld: Human rights groups believe Denmark's ban on face coverings will have a particularly negative impact on Muslim women who‚Ä¶
nytimes,74,Thu Aug 02 08:34:07 +0000 2018,0.7096,0.315,0.0,0.685,"Matters of ""gender reassignment and gender transition"" must be treated with ""kindness and tolerance,"" the United Gr‚Ä¶ https://t.co/mltZfFDrlw"
nytimes,75,Thu Aug 02 08:16:07 +0000 2018,-0.5994,0.0,0.135,0.865,"RT @nytimesworld: The war in Kashmir has become so small and intimate that the police even give out letter grades ‚Äî A, B, or C ‚Äî to each mi‚Ä¶"
nytimes,76,Thu Aug 02 08:02:02 +0000 2018,0.3612,0.128,0.0,0.872,"Selling homegrown stars like Alfonso Davies, who recently went to Bayern Munich, could completely change the econom‚Ä¶ https://t.co/HbTnNiTVkr"
nytimes,77,Thu Aug 02 07:47:02 +0000 2018,-0.6705,0.0,0.224,0.776,"RT @nytimesworld: Denmark‚Äôs ban on wearing a face veil in public came into effect, sparking protests and reigniting a debate over whether t‚Ä¶"
nytimes,78,Thu Aug 02 07:32:03 +0000 2018,-0.3612,0.0,0.116,0.884,"Journalists in Belgium, which has one of the highest average tax burdens in the developed world, say requiring them‚Ä¶ https://t.co/bbIcx6W5T4"
nytimes,79,Thu Aug 02 07:17:02 +0000 2018,0.4767,0.14,0.0,0.86,"The Fields Medal, bestowed every four years to mathematicians 40 years or younger, is often described as the subjec‚Ä¶ https://t.co/CwVN1svr5y"
nytimes,80,Thu Aug 02 07:02:04 +0000 2018,-0.1263,0.189,0.212,0.599,"‚ÄúOf course, it‚Äôs absolutely devastating. These are our national heritage items of great significance.‚Äù https://t.co/3uuRNt7Obx"
nytimes,81,Thu Aug 02 06:47:59 +0000 2018,-0.1027,0.127,0.151,0.723,Funeral Ads Tried to Get U.K. Talking. They May Have Worked Too Well. https://t.co/YzyMRrc2oq
nytimes,82,Thu Aug 02 06:32:04 +0000 2018,-0.6486,0.0,0.158,0.842,"RT @NYTScience: New Ebola outbreak hits the Democratic Republic of Congo, leaving at least 20 dead, one week after the last outbreak was de‚Ä¶"
nytimes,83,Thu Aug 02 06:02:02 +0000 2018,0.5994,0.17,0.0,0.83,Just the name Kashmir conjures a set of opposing images. It is a staggeringly beautiful place that lives up to all‚Ä¶ https://t.co/fUUrGbpB0b
nytimes,84,Thu Aug 02 05:32:03 +0000 2018,-0.6705,0.0,0.158,0.842,"RT @nytopinion: In Australia, it took one mass shooting in Port Arthur in 1996, where 35 people were killed, for the country to actually do‚Ä¶"
nytimes,85,Thu Aug 02 05:02:02 +0000 2018,0.34,0.13,0.0,0.87,"Facebook's head of security, Alex Stamos, plans to start a new role at Stanford University in September https://t.co/OlJU0ZPOi7"
nytimes,86,Thu Aug 02 04:41:04 +0000 2018,0.5411,0.149,0.0,0.851,RT @EnnisNYT: ‚ÄúThe baby wearing a ‚ÄòCNN Sucks!‚Äô pin pretty much summed it up.‚Äù @grynbaum on anti-press sentiment increasing as mid-term seas‚Ä¶
nytimes,87,Thu Aug 02 04:22:00 +0000 2018,0.0,0.0,0.0,1.0,RT @carlzimmer: I asked scientists about Trump‚Äôs pick for White House science advisor. Consensus:  üëçüèª https://t.co/inhGJpQTWp
nytimes,88,Thu Aug 02 04:06:12 +0000 2018,-0.2263,0.0,0.137,0.863,Lawyers in Sandy Hook Lawsuit Spar Over Meaning of an Online Broadcast https://t.co/adZ06Ovr08
nytimes,89,Thu Aug 02 04:02:02 +0000 2018,-0.3818,0.0,0.191,0.809,Autoplay videos are not going away. Here‚Äôs how to fight them. https://t.co/LV6mLdwVbN
nytimes,90,Thu Aug 02 03:47:05 +0000 2018,0.0516,0.102,0.093,0.805,There were no signs of foul play when a pregnant bottlenose dolphin washed up in Mississippi. Then they found the b‚Ä¶ https://t.co/7HyyWyj0PY
nytimes,91,Thu Aug 02 03:32:07 +0000 2018,0.4767,0.194,0.0,0.806,Barack Obama just endorsed 81 Democrats running in the 2018 elections. Many were longtime Obama loyalists. Most of‚Ä¶ https://t.co/2aufMj6lPR
nytimes,92,Thu Aug 02 03:17:03 +0000 2018,-0.4019,0.142,0.251,0.607,RT @RichSandomir: Fascinating story by @DavidWaldstein on newly-uncovered depositions related to Thurman Munson's fatal crash in 1979. Rive‚Ä¶
nytimes,93,Thu Aug 02 03:02:07 +0000 2018,0.0,0.0,0.0,1.0,"He helped build the careers of classical stars, including the violinist Joshua Bell and the pianist Evgeny Kissin,‚Ä¶ https://t.co/V1bwGYTZXz"
nytimes,94,Thu Aug 02 02:51:02 +0000 2018,-0.5859,0.087,0.219,0.694,"RT @maggieNYT: For roughly a week, Trump has raged about Cohen, Manafort, Mueller. And he is angry the SC probe, which Giuliani assured him‚Ä¶"
nytimes,95,Thu Aug 02 02:47:01 +0000 2018,-0.7906,0.0,0.412,0.588,Prosecution cites lavish spending by Paul Manafort in his fraud trial https://t.co/AAt0HrXE9L
nytimes,96,Thu Aug 02 02:32:08 +0000 2018,-0.2023,0.0,0.096,0.904,"New efforts on Facebook to influence this year's elections revealed signs of a maturing adversary, adapting and evo‚Ä¶ https://t.co/hZi8nyZEAH"
nytimes,97,Thu Aug 02 02:17:03 +0000 2018,-0.4019,0.0,0.124,0.876,RT @sewellchan: We interviewed survivors of yesterday's miraculous Aerom√©xico crash in Mexico‚Äîin which all 103 people on board lived. A bit‚Ä¶
nytimes,98,Thu Aug 02 02:02:03 +0000 2018,-0.7346,0.083,0.255,0.662,Humans almost saved the planet from climate change 30 years ago. This is the story of how we failed: a tragedy in 2‚Ä¶ https://t.co/sfbNxwgdeI
nytimes,99,Thu Aug 02 01:47:02 +0000 2018,0.0,0.0,0.0,1.0,A Pennsylvania bishop has ordered the names of all of his predecessors since the 1940s to be stripped from church b‚Ä¶ https://t.co/tE99DpioKv
nytimes,100,Thu Aug 02 01:46:46 +0000 2018,-0.0258,0.235,0.243,0.522,RT @kevinroose: Update: I definitely broke the alerts https://t.co/fyZpx6cUXP
